edge_id,u,v,walk,car,walk_allowed,car_allowed
1,91,51,420,420,True,True
2,51,91,420,420,True,True
3,51,50,37,37,True,True
4,50,51,37,37,True,True
5,50,49,53,53,True,True
6,49,50,53,53,True,True
7,49,48,21,21,True,True
8,48,49,21,21,True,True
9,215,210,17,17,True,True
10,210,215,17,17,True,True
11,210,162,215,215,True,True
12,162,210,215,215,True,True
13,162,142,74,74,True,True
14,142,162,74,74,True,True
15,215,220,223,223,True,True
16,220,215,223,223,True,True
17,220,222,67,67,True,True
18,222,220,67,67,True,True
19,222,227,81,81,True,True
20,227,222,81,81,True,True
21,227,236,35,35,True,True
22,236,227,35,35,True,True
23,236,243,91,91,True,True
24,243,236,91,91,True,True
25,56,75,75,75,True,True
26,75,56,75,75,True,True
27,75,81,27,27,True,True
28,81,75,27,27,True,True
29,81,86,28,28,True,True
30,86,81,28,28,True,True
31,86,101,28,28,True,True
32,101,86,28,28,True,True
33,101,110,28,28,True,True
34,110,101,28,28,True,True
35,110,118,24,24,True,True
36,118,110,24,24,True,True
37,118,124,28,28,True,True
38,124,118,28,28,True,True
39,124,150,106,106,True,True
40,150,124,106,106,True,True
41,150,154,25,25,True,True
42,154,150,25,25,True,True
43,154,159,60,60,True,True
44,159,154,60,60,True,True
45,159,172,50,50,True,True
46,172,159,50,50,True,True
47,172,189,112,112,True,True
48,189,172,112,112,True,True
49,189,191,67,67,True,True
50,191,189,67,67,True,True
51,191,195,163,163,True,True
52,195,191,163,163,True,True
53,188,195,53,53,True,True
54,195,188,53,53,True,True
55,70,94,100000000,172,False,True
56,119,147,100000000,175,False,True
57,94,119,100000000,111,False,True
58,233,240,19,19,True,True
59,240,233,19,19,True,True
60,240,244,19,19,True,True
61,244,240,19,19,True,True
62,244,251,30,30,True,True
63,251,244,30,30,True,True
64,251,258,34,34,True,True
65,258,251,34,34,True,True
66,258,266,48,48,True,True
67,266,258,48,48,True,True
68,233,235,51,51,True,True
69,235,233,51,51,True,True
70,235,237,89,89,True,True
71,237,235,89,89,True,True
72,237,241,80,80,True,True
73,241,237,80,80,True,True
74,241,243,140,140,True,True
75,243,241,140,140,True,True
76,243,222,90,90,True,True
77,222,243,90,90,True,True
78,233,238,162,162,True,True
79,238,233,162,162,True,True
80,238,228,135,135,True,True
81,228,238,135,135,True,True
82,228,257,144,144,True,True
83,257,228,144,144,True,True
84,257,262,32,32,True,True
85,262,257,32,32,True,True
86,262,265,22,22,True,True
87,265,262,22,22,True,True
88,265,279,106,106,True,True
89,279,265,106,106,True,True
90,279,283,21,21,True,True
91,283,279,21,21,True,True
92,283,286,23,23,True,True
93,286,283,23,23,True,True
94,286,287,31,31,True,True
95,287,286,31,31,True,True
96,287,290,159,159,True,True
97,290,287,159,159,True,True
98,290,296,321,321,True,True
99,296,290,321,321,True,True
100,7,29,82,86,True,True
101,188,186,33,33,True,True
102,186,188,33,33,True,True
103,186,180,27,27,True,True
104,180,186,27,27,True,True
105,180,168,61,61,True,True
106,168,180,61,61,True,True
107,168,163,18,18,True,True
108,163,168,18,18,True,True
109,296,302,56,56,True,True
110,302,296,56,56,True,True
111,302,315,150,150,True,True
112,315,302,150,150,True,True
113,315,322,54,54,True,True
114,322,315,54,54,True,True
115,322,329,43,43,True,True
116,329,322,43,43,True,True
117,347,343,74,74,True,True
118,343,347,74,74,True,True
119,343,341,67,67,True,True
120,341,343,67,67,True,True
121,341,340,21,21,True,True
122,340,341,21,21,True,True
123,340,342,104,104,True,True
124,342,340,104,104,True,True
125,342,348,61,61,True,True
126,348,342,61,61,True,True
127,348,345,59,59,True,True
128,345,348,59,59,True,True
129,345,336,80,80,True,True
130,336,345,80,80,True,True
131,336,329,103,103,True,True
132,329,336,103,103,True,True
133,315,314,77,100000000,True,False
134,314,315,77,100000000,True,False
135,325,316,110,110,True,True
136,316,325,110,110,True,True
137,316,307,87,87,True,True
138,307,316,87,87,True,True
139,310,307,24,24,True,True
140,307,310,24,24,True,True
141,307,296,297,297,True,True
142,296,307,297,297,True,True
143,296,284,769,769,True,True
144,284,296,769,769,True,True
145,329,328,23,23,True,True
146,328,329,23,23,True,True
147,328,332,136,136,True,True
148,332,328,136,136,True,True
149,332,333,96,96,True,True
150,333,332,96,96,True,True
151,333,334,54,54,True,True
152,334,333,54,54,True,True
153,334,347,90,90,True,True
154,347,334,90,90,True,True
155,74,87,87,87,True,True
156,87,74,87,100000000,True,False
157,87,92,29,29,True,True
158,92,87,29,100000000,True,False
159,92,99,25,25,True,True
160,99,92,25,100000000,True,False
161,142,59,401,401,True,True
162,59,142,401,401,True,True
163,142,144,84,84,True,True
164,144,142,84,84,True,True
165,144,145,27,27,True,True
166,145,144,27,27,True,True
167,104,130,81,81,True,True
168,130,104,81,81,True,True
169,130,145,75,75,True,True
170,145,130,75,75,True,True
171,145,146,27,27,True,True
172,146,145,27,27,True,True
173,146,149,77,77,True,True
174,149,146,77,77,True,True
175,149,151,68,68,True,True
176,151,149,68,68,True,True
177,151,147,112,112,True,True
178,147,151,112,112,True,True
179,360,358,288,288,True,True
180,358,360,288,288,True,True
181,358,349,127,127,True,True
182,349,358,127,127,True,True
183,343,346,35,100000000,True,False
184,346,343,35,100000000,True,False
185,346,344,78,100000000,True,False
186,344,346,78,100000000,True,False
187,344,340,33,100000000,True,False
188,340,344,33,100000000,True,False
189,344,351,20,100000000,True,False
190,351,344,20,100000000,True,False
191,351,349,66,100000000,True,False
192,349,351,66,100000000,True,False
193,357,355,89,100000000,True,False
194,355,357,89,100000000,True,False
195,355,354,32,100000000,True,False
196,354,355,32,100000000,True,False
197,354,349,58,100000000,True,False
198,349,354,58,100000000,True,False
199,351,354,26,100000000,True,False
200,354,351,26,100000000,True,False
201,149,171,74,74,True,True
202,171,149,74,74,True,True
203,171,179,36,36,True,True
204,179,171,36,36,True,True
205,179,203,138,138,True,True
206,203,179,138,138,True,True
207,203,220,59,59,True,True
208,220,203,59,59,True,True
209,168,156,34,34,True,True
210,156,168,34,34,True,True
211,156,138,85,85,True,True
212,138,156,85,85,True,True
213,138,136,24,24,True,True
214,136,138,24,24,True,True
215,136,117,65,65,True,True
216,117,136,65,65,True,True
217,117,108,29,29,True,True
218,108,117,29,29,True,True
219,108,98,25,25,True,True
220,98,108,25,25,True,True
221,98,60,184,184,True,True
222,60,98,184,184,True,True
223,59,60,110,110,True,True
224,60,59,110,110,True,True
225,60,57,16,16,True,True
226,57,60,16,16,True,True
227,57,55,42,42,True,True
228,55,57,42,42,True,True
229,55,48,99,99,True,True
230,48,55,99,99,True,True
231,326,334,203,100000000,True,False
232,334,326,203,100000000,True,False
233,334,331,91,91,True,True
234,331,334,91,91,True,True
235,331,312,194,194,True,True
236,312,331,194,194,True,True
237,312,313,27,27,True,True
238,313,312,27,27,True,True
239,313,320,22,22,True,True
240,320,313,22,22,True,True
241,320,326,49,49,True,True
242,326,320,49,49,True,True
243,326,332,35,35,True,True
244,332,326,35,35,True,True
245,313,306,89,89,True,True
246,306,313,89,89,True,True
247,306,304,117,117,True,True
248,304,306,117,117,True,True
249,309,324,78,78,True,True
250,324,309,78,78,True,True
251,324,328,20,20,True,True
252,328,324,20,20,True,True
253,324,317,68,68,True,True
254,317,324,68,68,True,True
255,317,303,148,148,True,True
256,303,317,148,148,True,True
257,303,300,74,74,True,True
258,300,303,74,74,True,True
259,300,295,72,72,True,True
260,295,300,72,72,True,True
261,295,294,83,83,True,True
262,294,295,83,83,True,True
263,294,292,26,26,True,True
264,292,294,26,26,True,True
265,292,302,272,272,True,True
266,302,292,272,272,True,True
267,292,297,126,126,True,True
268,297,292,126,126,True,True
269,297,312,220,220,True,True
270,312,297,220,220,True,True
271,313,299,190,190,True,True
272,299,313,190,190,True,True
273,299,298,28,100000000,True,False
274,298,299,28,100000000,True,False
275,298,297,33,100000000,True,False
276,297,298,33,100000000,True,False
277,295,301,55,55,True,True
278,301,295,55,55,True,True
279,301,306,99,99,True,True
280,306,301,99,99,True,True
281,300,301,72,72,True,True
282,301,300,72,72,True,True
283,294,301,123,123,True,True
284,301,294,123,123,True,True
285,162,166,37,100000000,True,False
286,166,162,37,100000000,True,False
287,166,167,20,100000000,True,False
288,167,166,20,100000000,True,False
289,169,171,59,100000000,True,False
290,171,169,59,100000000,True,False
291,146,161,55,100000000,True,False
292,161,146,55,100000000,True,False
293,160,144,59,100000000,True,False
294,144,160,59,100000000,True,False
295,192,179,197,197,True,True
296,179,192,197,197,True,True
297,192,182,118,118,True,True
298,182,192,118,118,True,True
299,192,193,40,40,True,True
300,193,192,40,40,True,True
301,192,194,48,48,True,True
302,194,192,48,48,True,True
303,192,202,26,26,True,True
304,202,192,26,26,True,True
305,142,143,39,39,True,True
306,143,142,39,39,True,True
307,143,153,76,76,True,True
308,153,143,76,76,True,True
309,153,157,32,32,True,True
310,157,153,32,32,True,True
311,165,162,84,100000000,True,False
312,162,165,84,100000000,True,False
313,163,158,59,100000000,True,False
314,158,163,59,100000000,True,False
315,158,157,41,100000000,True,False
316,157,158,41,100000000,True,False
317,143,131,159,159,True,True
318,131,143,159,159,True,True
319,131,138,107,107,True,True
320,138,131,107,107,True,True
321,86,96,47,47,True,True
322,96,86,47,47,True,True
323,96,100,34,34,True,True
324,100,96,34,34,True,True
325,100,102,44,44,True,True
326,102,100,44,44,True,True
327,102,98,69,69,True,True
328,98,102,69,69,True,True
329,98,97,106,106,True,True
330,97,98,106,106,True,True
331,97,121,80,80,True,True
332,121,97,80,80,True,True
333,121,131,37,37,True,True
334,131,121,37,37,True,True
335,120,129,30,100000000,True,False
336,129,120,30,100000000,True,False
337,129,119,27,100000000,True,False
338,119,129,27,100000000,True,False
339,119,120,28,100000000,True,False
340,120,119,28,100000000,True,False
341,87,90,47,47,True,True
342,90,87,47,47,True,True
343,90,105,87,87,True,True
344,105,90,87,87,True,True
345,105,120,61,61,True,True
346,120,105,61,61,True,True
347,290,289,38,38,True,True
348,289,290,38,38,True,True
349,289,273,256,256,True,True
350,273,289,256,256,True,True
351,273,266,186,186,True,True
352,266,273,186,186,True,True
353,266,267,59,59,True,True
354,267,266,59,59,True,True
355,267,268,83,83,True,True
356,268,267,83,83,True,True
357,237,268,141,141,True,True
358,268,237,141,141,True,True
359,227,226,31,31,True,True
360,226,227,31,31,True,True
361,226,229,24,24,True,True
362,229,226,24,24,True,True
363,229,183,355,355,True,True
364,183,229,355,355,True,True
365,171,174,91,91,True,True
366,174,171,91,91,True,True
367,174,175,33,33,True,True
368,175,174,33,33,True,True
369,175,197,204,204,True,True
370,197,175,204,204,True,True
371,195,213,54,100000000,True,False
372,213,195,54,100000000,True,False
373,213,228,76,100000000,True,False
374,228,213,76,100000000,True,False
375,211,212,17,100000000,True,False
376,212,211,17,100000000,True,False
377,212,205,36,100000000,True,False
378,205,212,36,100000000,True,False
379,201,211,40,100000000,True,False
380,211,201,40,100000000,True,False
381,211,219,33,100000000,True,False
382,219,211,33,100000000,True,False
383,219,224,30,100000000,True,False
384,224,219,30,100000000,True,False
385,230,232,132,100000000,True,False
386,232,230,132,100000000,True,False
387,232,231,20,100000000,True,False
388,231,232,20,100000000,True,False
389,232,207,117,100000000,True,False
390,207,232,117,100000000,True,False
391,214,215,71,71,True,True
392,215,214,71,71,True,True
393,166,181,64,100000000,True,False
394,181,166,64,100000000,True,False
395,181,185,22,100000000,True,False
396,185,181,22,100000000,True,False
397,181,182,26,100000000,True,False
398,182,181,26,100000000,True,False
399,146,134,64,100000000,True,False
400,134,146,64,100000000,True,False
401,257,263,87,100000000,True,False
402,263,257,87,100000000,True,False
403,263,271,53,100000000,True,False
404,271,263,53,100000000,True,False
405,271,274,36,100000000,True,False
406,274,271,36,100000000,True,False
407,274,276,390,100000000,True,False
408,276,274,390,100000000,True,False
409,241,248,38,38,True,True
410,248,241,38,38,True,True
411,248,260,62,62,True,True
412,260,248,62,62,True,True
413,260,269,40,40,True,True
414,269,260,40,40,True,True
415,268,269,81,81,True,True
416,269,268,81,81,True,True
417,260,253,45,45,True,True
418,253,260,45,45,True,True
419,253,248,40,40,True,True
420,248,253,40,40,True,True
421,138,152,58,58,True,True
422,152,138,58,58,True,True
423,152,155,31,31,True,True
424,155,152,31,31,True,True
425,155,164,42,42,True,True
426,164,155,42,42,True,True
427,164,173,29,29,True,True
428,173,164,29,29,True,True
429,173,177,28,28,True,True
430,177,173,28,28,True,True
431,177,186,80,80,True,True
432,186,177,80,80,True,True
433,177,170,71,71,True,True
434,170,177,71,71,True,True
435,170,154,96,96,True,True
436,154,170,96,96,True,True
437,104,103,35,35,True,True
438,103,104,35,35,True,True
439,59,53,26,26,True,True
440,53,59,26,26,True,True
441,53,23,123,123,True,True
442,23,53,123,123,True,True
443,23,7,107,107,True,True
444,7,23,107,107,True,True
445,336,337,46,46,True,True
446,337,336,46,46,True,True
447,337,345,70,70,True,True
448,345,337,70,70,True,True
449,337,339,48,48,True,True
450,339,337,48,48,True,True
451,339,335,17,17,True,True
452,335,339,17,17,True,True
453,339,338,24,24,True,True
454,338,339,24,24,True,True
455,314,316,94,94,True,True
456,316,314,94,94,True,True
457,29,7,82,82,True,True
458,34,61,93,93,True,True
459,61,34,93,100000000,True,False
460,94,70,100000000,175,False,True
461,70,34,152,137,True,True
462,119,94,100000000,113,False,True
463,147,119,100000000,172,False,True
464,99,79,118,118,True,True
465,79,99,118,100000000,True,False
466,61,70,42,42,True,True
467,70,61,42,100000000,True,False
468,58,66,23,100000000,True,False
469,66,58,23,100000000,True,False
470,66,72,61,100000000,True,False
471,72,66,61,100000000,True,False
472,72,70,21,100000000,True,False
473,70,72,21,21,True,True
474,34,70,152,131,True,True
475,34,29,19,19,True,True
476,29,34,19,28,True,True
477,3,29,114,114,True,True
478,29,3,114,100000000,True,False
479,119,128,25,25,True,True
480,128,119,25,25,True,True
481,129,151,111,111,True,True
482,151,129,111,111,True,True
483,356,358,119,119,True,True
484,358,356,119,119,True,True
485,346,352,132,100000000,True,False
486,352,346,132,100000000,True,False
487,344,353,63,100000000,True,False
488,353,344,63,100000000,True,False
489,262,264,186,186,True,True
490,264,262,186,186,True,True
491,264,256,90,90,True,True
492,256,264,90,90,True,True
493,256,250,35,35,True,True
494,250,256,35,35,True,True
495,250,238,46,46,True,True
496,238,250,46,46,True,True
497,264,272,47,47,True,True
498,272,264,47,47,True,True
499,272,277,73,73,True,True
500,277,272,73,73,True,True
501,277,288,94,94,True,True
502,288,277,94,94,True,True
503,288,289,115,100000000,True,False
504,289,288,115,100000000,True,False
505,277,280,37,37,True,True
506,280,277,37,37,True,True
507,280,282,30,30,True,True
508,282,280,30,30,True,True
509,280,272,93,93,True,True
510,272,280,93,93,True,True
511,272,273,46,100000000,True,False
512,273,272,46,100000000,True,False
513,334,332,150,100000000,True,False
514,332,334,150,100000000,True,False
515,331,320,179,100000000,True,False
516,320,331,179,100000000,True,False
517,159,176,130,100000000,True,False
518,176,159,130,100000000,True,False
519,176,184,68,100000000,True,False
520,184,176,68,100000000,True,False
521,184,188,78,100000000,True,False
522,188,184,78,100000000,True,False
523,176,170,41,100000000,True,False
524,170,176,41,100000000,True,False
525,184,177,38,100000000,True,False
526,177,184,38,100000000,True,False
527,189,199,58,58,True,True
528,199,189,58,58,True,True
529,199,221,102,102,True,True
530,221,199,102,102,True,True
531,221,223,54,54,True,True
532,223,221,54,54,True,True
533,223,225,47,47,True,True
534,225,223,47,47,True,True
535,225,228,60,60,True,True
536,228,225,60,60,True,True
537,219,218,18,100000000,True,False
538,218,219,18,100000000,True,False
539,172,198,155,155,True,True
540,198,172,155,155,True,True
541,48,56,30,30,True,True
542,56,48,30,30,True,True
543,56,62,82,82,True,True
544,62,56,82,82,True,True
545,86,110,54,54,True,True
546,110,86,54,54,True,True
547,110,124,34,34,True,True
548,124,110,34,34,True,True
549,124,133,33,33,True,True
550,133,124,33,33,True,True
551,133,150,76,76,True,True
552,150,133,76,76,True,True
553,296,293,45,100000000,True,False
554,293,296,45,100000000,True,False
555,120,112,47,47,True,True
556,112,120,47,47,True,True
557,112,93,81,81,True,True
558,93,112,81,81,True,True
559,93,109,250,250,True,True
560,109,93,250,250,True,True
561,112,89,66,66,True,True
562,89,112,66,66,True,True
563,89,85,20,20,True,True
564,85,89,20,20,True,True
565,85,82,26,26,True,True
566,82,85,26,26,True,True
567,82,77,22,22,True,True
568,77,82,22,22,True,True
569,77,73,27,27,True,True
570,73,77,27,27,True,True
571,73,68,24,24,True,True
572,68,73,24,24,True,True
573,67,68,25,25,True,True
574,68,67,25,25,True,True
575,68,64,45,45,True,True
576,64,68,45,45,True,True
577,64,47,27,27,True,True
578,47,64,27,27,True,True
579,47,63,57,57,True,True
580,63,47,57,57,True,True
581,63,67,30,30,True,True
582,67,63,30,30,True,True
583,64,63,34,34,True,True
584,63,64,34,34,True,True
585,89,93,73,73,True,True
586,93,89,73,73,True,True
587,109,111,40,40,True,True
588,111,109,40,40,True,True
589,85,84,35,35,True,True
590,84,85,35,35,True,True
591,82,78,104,104,True,True
592,78,82,104,104,True,True
593,78,71,31,31,True,True
594,71,78,31,31,True,True
595,71,54,73,73,True,True
596,54,71,73,73,True,True
597,77,78,88,88,True,True
598,78,77,88,88,True,True
599,78,76,108,108,True,True
600,76,78,108,108,True,True
601,73,71,91,91,True,True
602,71,73,91,91,True,True
603,71,69,52,52,True,True
604,69,71,52,52,True,True
605,34,38,49,49,True,True
606,38,34,49,49,True,True
607,38,42,60,60,True,True
608,42,38,60,60,True,True
609,42,45,18,18,True,True
610,45,42,18,18,True,True
611,45,44,54,54,True,True
612,44,45,54,54,True,True
613,44,46,74,74,True,True
614,46,44,74,74,True,True
615,47,46,34,100000000,True,False
616,46,47,34,100000000,True,False
617,42,52,45,45,True,True
618,52,42,45,45,True,True
619,52,44,78,78,True,True
620,44,52,78,78,True,True
621,44,32,53,53,True,True
622,32,44,53,53,True,True
623,32,28,28,28,True,True
624,28,32,28,28,True,True
625,38,35,93,93,True,True
626,35,38,93,93,True,True
627,35,39,28,28,True,True
628,39,35,28,28,True,True
629,39,44,37,37,True,True
630,44,39,37,37,True,True
631,52,45,23,23,True,True
632,45,52,23,23,True,True
633,45,35,29,29,True,True
634,35,45,29,29,True,True
635,39,32,23,23,True,True
636,32,39,23,23,True,True
637,2,5,46,46,True,True
638,5,2,46,46,True,True
639,5,9,26,26,True,True
640,9,5,26,26,True,True
641,9,20,44,44,True,True
642,20,9,44,44,True,True
643,20,37,107,107,True,True
644,37,20,107,107,True,True
645,6,16,63,63,True,True
646,16,6,63,63,True,True
647,16,30,38,38,True,True
648,30,16,38,38,True,True
649,30,37,24,24,True,True
650,37,30,24,24,True,True
651,17,18,28,28,True,True
652,18,17,28,28,True,True
653,18,20,30,30,True,True
654,20,18,30,30,True,True
655,20,21,22,22,True,True
656,21,20,22,22,True,True
657,21,25,28,28,True,True
658,25,21,28,28,True,True
659,25,30,34,34,True,True
660,30,25,34,34,True,True
661,30,31,33,33,True,True
662,31,30,33,33,True,True
663,21,12,38,38,True,True
664,12,21,38,38,True,True
665,25,14,38,38,True,True
666,14,25,38,38,True,True
667,5,4,33,33,True,True
668,4,5,33,33,True,True
669,4,10,58,58,True,True
670,10,4,58,58,True,True
671,10,17,36,36,True,True
672,17,10,36,36,True,True
673,18,8,44,44,True,True
674,8,18,44,44,True,True
675,8,4,23,23,True,True
676,4,8,23,23,True,True
677,11,10,37,37,True,True
678,10,11,37,37,True,True
679,10,8,30,30,True,True
680,8,10,30,30,True,True
681,8,9,31,31,True,True
682,9,8,31,31,True,True
683,9,12,34,34,True,True
684,12,9,34,34,True,True
685,12,14,29,29,True,True
686,14,12,29,29,True,True
687,14,16,34,34,True,True
688,16,14,34,34,True,True
689,13,31,60,60,True,True
690,31,13,60,60,True,True
691,31,1,324,324,True,True
692,1,31,324,324,True,True
693,53,15,132,132,True,True
694,15,53,132,132,True,True
695,15,23,163,163,True,True
696,23,15,163,163,True,True
697,15,19,51,51,True,True
698,19,15,51,51,True,True
699,19,24,186,186,True,True
700,24,19,186,186,True,True
701,24,22,29,29,True,True
702,22,24,29,29,True,True
703,22,26,105,105,True,True
704,26,22,105,105,True,True
705,26,33,22,22,True,True
706,33,26,22,22,True,True
707,19,43,92,92,True,True
708,43,19,92,92,True,True
709,43,57,52,52,True,True
710,57,43,52,52,True,True
711,49,41,28,28,True,True
712,41,49,28,28,True,True
713,41,36,21,21,True,True
714,36,41,21,21,True,True
715,36,24,36,36,True,True
716,24,36,36,36,True,True
717,51,40,75,75,True,True
718,40,51,75,75,True,True
719,40,41,54,54,True,True
720,41,40,54,54,True,True
721,50,40,30,30,True,True
722,40,50,30,30,True,True
723,40,36,74,74,True,True
724,36,40,74,74,True,True
725,36,43,145,145,True,True
726,43,36,145,145,True,True
727,22,27,26,26,True,True
728,27,22,26,26,True,True
729,27,33,51,51,True,True
730,33,27,51,51,True,True
731,26,27,67,67,True,True
732,27,26,67,67,True,True
733,75,80,70,70,True,True
734,80,75,70,70,True,True
735,80,83,27,27,True,True
736,83,80,27,27,True,True
737,83,88,24,24,True,True
738,88,83,24,24,True,True
739,88,95,28,28,True,True
740,95,88,28,28,True,True
741,95,107,30,30,True,True
742,107,95,30,30,True,True
743,107,116,25,25,True,True
744,116,107,25,25,True,True
745,116,125,28,28,True,True
746,125,116,28,28,True,True
747,80,81,48,48,True,True
748,81,80,48,48,True,True
749,83,86,51,51,True,True
750,86,83,51,51,True,True
751,88,86,48,48,True,True
752,86,88,48,48,True,True
753,95,101,44,44,True,True
754,101,95,44,44,True,True
755,107,110,46,46,True,True
756,110,107,46,46,True,True
757,123,116,71,71,True,True
758,116,123,71,71,True,True
759,116,118,47,47,True,True
760,118,116,47,47,True,True
761,122,123,26,26,True,True
762,123,122,26,26,True,True
763,123,125,44,44,True,True
764,125,123,44,44,True,True
765,125,124,47,47,True,True
766,124,125,47,47,True,True
767,102,114,33,33,True,True
768,114,102,33,33,True,True
769,114,117,126,126,True,True
770,117,114,126,126,True,True
771,114,108,82,82,True,True
772,108,114,82,82,True,True
773,108,97,92,92,True,True
774,97,108,92,92,True,True
775,86,106,43,43,True,True
776,106,86,43,43,True,True
777,106,115,33,33,True,True
778,115,106,33,33,True,True
779,115,126,41,41,True,True
780,126,115,41,41,True,True
781,126,132,35,35,True,True
782,132,126,35,35,True,True
783,132,137,114,114,True,True
784,137,132,114,114,True,True
785,136,137,20,20,True,True
786,137,136,20,20,True,True
787,137,140,156,156,True,True
788,140,137,156,156,True,True
789,140,135,45,45,True,True
790,135,140,45,45,True,True
791,133,135,50,50,True,True
792,135,133,50,50,True,True
793,135,132,50,50,True,True
794,132,135,50,50,True,True
795,140,132,57,57,True,True
796,132,140,57,57,True,True
797,124,126,77,77,True,True
798,126,124,77,77,True,True
799,110,115,51,51,True,True
800,115,110,51,51,True,True
801,106,100,71,71,True,True
802,100,106,71,71,True,True
803,150,148,18,18,True,True
804,148,150,18,18,True,True
805,148,173,154,154,True,True
806,173,148,154,154,True,True
807,173,180,83,83,True,True
808,180,173,83,83,True,True
809,148,164,182,182,True,True
810,164,148,182,182,True,True
811,155,168,92,92,True,True
812,168,155,92,92,True,True
813,152,156,67,67,True,True
814,156,152,67,67,True,True
815,191,200,51,51,True,True
816,200,191,51,51,True,True
817,200,221,58,58,True,True
818,221,200,58,58,True,True
819,200,204,52,52,True,True
820,204,200,52,52,True,True
821,204,213,99,99,True,True
822,213,204,99,99,True,True
823,199,200,60,60,True,True
824,200,199,60,60,True,True
825,223,204,72,72,True,True
826,204,223,72,72,True,True
827,246,239,34,34,True,True
828,239,246,34,34,True,True
829,239,225,56,56,True,True
830,225,239,56,56,True,True
831,234,239,59,59,True,True
832,239,234,59,59,True,True
833,274,275,80,80,True,True
834,275,274,80,80,True,True
835,275,270,54,54,True,True
836,270,275,54,54,True,True
837,270,265,32,32,True,True
838,265,270,32,32,True,True
839,271,275,49,49,True,True
840,275,271,49,49,True,True
841,263,270,62,62,True,True
842,270,263,62,62,True,True
843,265,281,150,150,True,True
844,281,265,150,150,True,True
845,281,285,27,27,True,True
846,285,281,27,27,True,True
847,285,286,75,75,True,True
848,286,285,75,75,True,True
849,281,279,67,67,True,True
850,279,281,67,67,True,True
851,279,278,51,51,True,True
852,278,279,51,51,True,True
853,285,283,56,56,True,True
854,283,285,56,56,True,True
855,287,291,506,506,True,True
856,291,287,506,506,True,True
857,113,92,114,100000000,True,False
858,92,113,114,100000000,True,False
859,253,254,24,24,True,True
860,254,253,24,24,True,True
861,254,255,59,59,True,True
862,255,254,59,59,True,True
863,254,261,34,34,True,True
864,261,254,34,34,True,True
865,254,247,37,37,True,True
866,247,254,37,37,True,True
867,249,245,31,100000000,True,False
868,245,249,31,100000000,True,False
869,245,242,20,100000000,True,False
870,242,245,20,100000000,True,False
871,242,235,18,100000000,True,False
872,235,242,18,100000000,True,False
873,244,245,52,100000000,True,False
874,245,244,52,100000000,True,False
875,240,242,51,100000000,True,False
876,242,240,51,100000000,True,False
877,267,259,46,100000000,True,False
878,259,267,46,100000000,True,False
879,259,252,25,100000000,True,False
880,252,259,25,100000000,True,False
881,258,259,58,100000000,True,False
882,259,258,58,100000000,True,False
883,251,250,152,152,True,True
884,250,251,152,152,True,True
885,258,256,146,100000000,True,False
886,256,258,146,100000000,True,False
887,90,92,47,100000000,True,False
888,92,90,47,100000000,True,False
889,119,113,62,100000000,True,False
890,113,119,62,100000000,True,False
891,120,139,107,107,True,True
892,139,120,107,107,True,True
893,72,74,19,19,True,True
894,74,72,19,100000000,True,False
895,129,141,91,100000000,True,False
896,141,129,91,100000000,True,False
897,121,127,57,100000000,True,False
898,127,121,57,100000000,True,False
899,180,209,263,263,True,True
900,209,180,263,263,True,True
901,349,348,46,46,True,True
902,348,349,46,46,True,True
903,344,349,84,100000000,True,False
904,349,344,84,100000000,True,False
905,303,302,47,47,True,True
906,302,303,47,47,True,True
907,304,303,23,100000000,True,False
908,303,304,23,100000000,True,False
909,355,353,34,100000000,True,False
910,353,355,34,100000000,True,False
911,350,334,198,198,True,True
912,334,350,198,198,True,True
913,341,333,53,100000000,True,False
914,333,341,53,100000000,True,False
915,343,334,49,100000000,True,False
916,334,343,49,100000000,True,False
917,349,342,48,100000000,True,False
918,342,349,48,100000000,True,False
919,329,330,44,44,True,True
920,330,329,44,44,True,True
921,330,327,18,18,True,True
922,327,330,18,18,True,True
923,327,319,79,79,True,True
924,319,327,79,79,True,True
925,319,318,17,17,True,True
926,318,319,17,17,True,True
927,330,323,25,25,True,True
928,323,330,25,25,True,True
929,323,321,32,32,True,True
930,321,323,32,32,True,True
931,321,319,24,24,True,True
932,319,321,24,24,True,True
933,327,321,49,49,True,True
934,321,327,49,49,True,True
935,347,350,31,31,True,True
936,350,347,31,31,True,True
937,350,352,45,45,True,True
938,352,350,45,45,True,True
939,352,347,24,24,True,True
940,347,352,24,24,True,True
941,345,356,103,103,True,True
942,356,345,103,103,True,True
943,356,359,101,101,True,True
944,359,356,101,101,True,True
945,214,233,83,83,True,True
946,233,214,83,83,True,True
947,188,207,170,170,True,True
948,207,188,170,170,True,True
949,207,209,85,85,True,True
950,209,207,85,85,True,True
951,209,214,24,24,True,True
952,214,209,24,24,True,True
953,99,104,16,16,True,True
954,104,99,16,16,True,True
955,79,70,29,29,True,True
956,70,79,29,100000000,True,False
957,79,74,55,55,True,True
958,74,79,55,100000000,True,False
959,236,229,60,60,True,True
960,229,236,60,60,True,True
961,226,216,43,43,True,True
962,216,226,43,43,True,True
963,216,206,136,136,True,True
964,206,216,136,136,True,True
965,216,217,21,100000000,True,False
966,217,216,21,100000000,True,False
967,206,203,18,100000000,True,False
968,203,206,18,100000000,True,False
969,185,210,157,100000000,True,False
970,210,185,157,100000000,True,False
971,96,65,237,237,True,True
972,65,96,237,237,True,True
973,65,55,21,100000000,True,False
974,55,65,21,100000000,True,False
975,187,186,18,100000000,True,False
976,186,187,18,100000000,True,False
977,190,187,48,100000000,True,False
978,187,190,48,100000000,True,False
979,216,208,32,100000000,True,False
980,208,216,32,100000000,True,False
981,208,196,90,100000000,True,False
982,196,208,90,100000000,True,False
983,322,317,48,48,True,True
984,317,322,48,48,True,True
985,317,311,35,35,True,True
986,311,317,35,35,True,True
987,311,308,26,26,True,True
988,308,311,26,26,True,True
989,308,305,50,50,True,True
990,305,308,50,50,True,True
991,306,309,25,25,True,True
992,309,306,25,25,True,True
993,309,311,63,63,True,True
994,311,309,63,63,True,True
995,308,309,63,63,True,True
996,309,308,63,63,True,True
997,178,174,24,24,True,True
998,174,178,24,24,True,True
