u,v,walk_dis_m,car_dis_m
1,2,4,4
2,1,4,4
2,3,41,41
3,2,41,41
3,4,46,46
4,3,46,46
4,5,14,14
5,4,14,14
5,6,55,55
6,5,55,55
6,7,24,24
7,6,24,24
7,8,45,45
8,7,45,45
8,9,4,4
9,8,4,4
9,10,94,94
10,9,94,94
10,11,37,37
11,10,37,37
11,12,24,24
12,11,24,24
12,13,40,40
13,12,40,40
14,15,65,65
15,14,65,65
15,16,44,44
16,15,44,44
16,17,25,25
17,16,25,25
17,18,21,21
18,17,21,21
18,19,7,7
19,18,7,7
19,20,11,11
20,19,11,11
20,21,19,19
21,20,19,19
21,22,23,23
22,21,23,23
22,23,28,28
23,22,28,28
23,24,43,43
24,23,43,43
24,25,61,61
25,24,61,61
25,26,14,14
26,25,14,14
26,27,56,56
27,26,56,56
27,28,3,3
28,27,3,3
28,29,28,28
29,28,28,28
29,30,9,9
30,29,9,9
30,31,53,53
31,30,53,53
31,32,21,21
32,31,21,21
33,34,7,7
34,33,7,7
34,35,17,17
35,34,17,17
35,36,81,81
36,35,81,81
36,37,32,32
37,36,32,32
37,38,98,98
38,37,98,98
38,39,4,4
39,38,4,4
39,40,4,4
40,39,4,4
40,41,74,74
41,40,74,74
33,42,89,89
42,33,89,89
42,43,44,44
43,42,44,44
43,44,90,90
44,43,90,90
44,45,46,46
45,44,46,46
45,46,3,3
46,45,3,3
46,47,18,18
47,46,18,18
47,48,32,32
48,47,32,32
48,49,41,41
49,48,41,41
49,50,8,8
50,49,8,8
50,51,6,6
51,50,6,6
51,52,26,26
52,51,26,26
52,53,3,3
53,52,3,3
53,54,12,12
54,53,12,12
54,55,28,28
55,54,28,28
55,56,28,28
56,55,28,28
56,57,22,22
57,56,22,22
58,59,8,8
59,58,8,8
59,60,75,75
60,59,75,75
60,61,27,27
61,60,27,27
61,62,28,28
62,61,28,28
62,63,14,14
63,62,14,14
63,64,14,14
64,63,14,14
64,65,14,14
65,64,14,14
65,66,15,15
66,65,15,15
66,67,28,28
67,66,28,28
67,68,7,7
68,67,7,7
68,69,17,17
69,68,17,17
69,70,23,23
70,69,23,23
70,71,5,5
71,70,5,5
71,72,22,22
72,71,22,22
72,73,64,64
73,72,64,64
73,74,21,21
74,73,21,21
74,75,25,25
75,74,25,25
75,76,14,14
76,75,14,14
76,77,26,26
77,76,26,26
77,78,20,20
78,77,20,20
78,79,19,19
79,78,19,19
79,80,31,31
80,79,31,31
80,81,12,12
81,80,12,12
81,82,37,37
82,81,37,37
82,83,36,36
83,82,36,36
83,84,26,26
84,83,26,26
84,85,8,8
85,84,8,8
85,86,17,17
86,85,17,17
86,87,35,35
87,86,35,35
87,88,7,7
88,87,7,7
88,89,62,62
89,88,62,62
89,90,85,85
90,89,85,85
90,91,15,15
91,90,15,15
92,93,53,53
93,92,53,53
13,94,65,65
94,13,65,65
94,95,22,22
95,94,22,22
95,96,15,15
96,95,15,15
96,97,19,19
97,96,19,19
97,98,18,18
98,97,18,18
98,99,4,4
99,98,4,4
99,100,48,48
100,99,48,48
100,101,3,3
101,100,3,3
101,102,68,68
102,101,68,68
102,103,22,22
103,102,22,22
103,104,15,15
104,103,15,15
104,105,15,15
105,104,15,15
105,106,31,31
106,105,31,31
106,107,13,13
107,106,13,13
107,108,20,20
108,107,20,20
108,109,21,21
109,108,21,21
109,110,19,19
110,109,19,19
110,111,10,10
111,110,10,10
111,112,27,27
112,111,27,27
112,113,43,43
113,112,43,43
113,114,30,30
114,113,30,30
114,115,89,89
115,114,89,89
116,117,2000000000,23
117,116,2000000000,2000000000
117,118,2000000000,20
118,117,2000000000,2000000000
118,119,2000000000,13
119,118,2000000000,2000000000
119,120,2000000000,14
120,119,2000000000,2000000000
120,121,2000000000,20
121,120,2000000000,2000000000
121,122,2000000000,17
122,121,2000000000,2000000000
122,123,2000000000,15
123,122,2000000000,2000000000
123,124,2000000000,17
124,123,2000000000,2000000000
124,125,2000000000,16
125,124,2000000000,2000000000
125,126,2000000000,18
126,125,2000000000,2000000000
127,128,2000000000,20
128,127,2000000000,2000000000
128,129,2000000000,17
129,128,2000000000,2000000000
129,130,2000000000,21
130,129,2000000000,2000000000
130,131,2000000000,26
131,130,2000000000,2000000000
131,132,2000000000,34
132,131,2000000000,2000000000
132,133,2000000000,21
133,132,2000000000,2000000000
133,134,2000000000,19
134,133,2000000000,2000000000
134,135,2000000000,17
135,134,2000000000,2000000000
126,136,2000000000,57
136,126,2000000000,2000000000
136,137,2000000000,11
137,136,2000000000,2000000000
137,127,2000000000,44
127,137,2000000000,2000000000
138,139,11,11
139,138,11,11
139,140,7,7
140,139,7,7
140,141,19,19
141,140,19,19
141,142,30,30
142,141,30,30
142,143,8,8
143,142,8,8
143,144,26,26
144,143,26,26
144,145,11,11
145,144,11,11
145,146,37,37
146,145,37,37
138,147,51,51
147,138,51,51
147,148,89,89
148,147,89,89
148,149,80,80
149,148,80,80
149,57,140,140
57,149,140,140
57,150,8,8
150,57,8,8
150,151,73,73
151,150,73,73
151,47,9,9
47,151,9,9
138,152,20,20
152,138,20,20
152,153,12,12
153,152,12,12
153,154,130,130
154,153,130,130
154,155,14,14
155,154,14,14
155,156,14,14
156,155,14,14
156,157,67,67
157,156,67,67
157,158,15,15
158,157,15,15
158,159,38,38
159,158,38,38
159,160,8,8
160,159,8,8
160,161,10,10
161,160,10,10
161,162,134,134
162,161,134,134
162,163,32,32
163,162,32,32
163,164,22,22
164,163,22,22
164,165,15,15
165,164,15,15
165,166,92,92
166,165,92,92
166,167,13,13
167,166,13,13
167,168,21,21
168,167,21,21
168,169,23,23
169,168,23,23
169,170,31,31
170,169,31,31
170,171,37,37
171,170,37,37
171,172,36,36
172,171,36,36
172,173,86,86
173,172,86,86
173,174,9,9
174,173,9,9
174,175,11,11
175,174,11,11
175,176,65,65
176,175,65,65
176,177,84,84
177,176,84,84
177,178,30,30
178,177,30,30
178,179,59,59
179,178,59,59
179,180,42,42
180,179,42,42
180,181,20,20
181,180,20,20
182,183,2000000000,37
183,182,2000000000,2000000000
183,184,2000000000,19
184,183,2000000000,2000000000
184,185,2000000000,20
185,184,2000000000,2000000000
185,186,2000000000,10
186,185,2000000000,2000000000
187,188,33,33
188,187,33,33
188,189,27,27
189,188,27,27
189,190,12,12
190,189,12,12
190,191,52,52
191,190,52,52
191,192,9,9
192,191,9,9
192,193,16,16
193,192,16,16
193,194,18,18
194,193,18,18
181,195,22,22
195,181,22,22
195,196,34,34
196,195,34,34
196,197,10,10
197,196,10,10
197,198,13,13
198,197,13,13
198,199,32,32
199,198,32,32
199,200,42,42
200,199,42,42
200,201,42,42
201,200,42,42
201,202,11,11
202,201,11,11
202,203,43,43
203,202,43,43
203,204,11,11
204,203,11,11
204,205,43,43
205,204,43,43
206,207,47,47
207,206,47,47
207,208,27,27
208,207,27,27
208,209,6,6
209,208,6,6
209,210,24,24
210,209,24,24
210,211,38,38
211,210,38,38
211,212,15,15
212,211,15,15
212,213,7,7
213,212,7,7
213,214,49,49
214,213,49,49
214,215,56,56
215,214,56,56
215,216,14,14
216,215,14,14
216,217,27,27
217,216,27,27
217,218,20,20
218,217,20,20
218,219,16,16
219,218,16,16
219,220,43,43
220,219,43,43
220,221,13,13
221,220,13,13
221,222,80,80
222,221,80,80
222,223,56,56
223,222,56,56
223,224,33,33
224,223,33,33
224,205,14,14
205,224,14,14
202,225,77,2000000000
225,202,77,2000000000
226,227,110,110
227,226,110,110
227,228,40,40
228,227,40,40
228,229,47,47
229,228,47,47
230,231,4,4
231,230,4,4
231,232,7,7
232,231,7,7
232,233,4,4
233,232,4,4
233,234,4,4
234,233,4,4
234,229,4,4
229,234,4,4
229,235,7,7
235,229,7,7
235,236,7,7
236,235,7,7
236,237,11,11
237,236,11,11
237,238,16,16
238,237,16,16
238,239,33,33
239,238,33,33
239,240,15,15
240,239,15,15
240,241,15,15
241,240,15,15
241,242,16,16
242,241,16,16
242,243,12,12
243,242,12,12
243,244,12,12
244,243,12,12
244,245,10,10
245,244,10,10
245,246,31,31
246,245,31,31
246,247,60,60
247,246,60,60
247,248,26,26
248,247,26,26
248,181,27,27
181,248,27,27
181,249,17,17
249,181,17,17
249,250,16,16
250,249,16,16
250,251,9,9
251,250,9,9
251,252,10,10
252,251,10,10
252,253,12,12
253,252,12,12
253,254,21,21
254,253,21,21
254,255,16,16
255,254,16,16
255,256,29,29
256,255,29,29
256,257,35,35
257,256,35,35
257,258,41,41
258,257,41,41
258,259,28,28
259,258,28,28
259,260,18,18
260,259,18,18
260,261,140,140
261,260,140,140
261,262,11,11
262,261,11,11
262,263,10,10
263,262,10,10
263,264,7,7
264,263,7,7
264,265,11,11
265,264,11,11
265,266,17,17
266,265,17,17
266,267,23,23
267,266,23,23
267,268,58,58
268,267,58,58
268,269,18,18
269,268,18,18
269,270,17,17
270,269,17,17
270,271,12,12
271,270,12,12
271,272,7,7
272,271,7,7
272,273,8,8
273,272,8,8
273,274,8,8
274,273,8,8
274,275,8,8
275,274,8,8
275,276,6,6
276,275,6,6
276,277,5,5
277,276,5,5
277,278,17,17
278,277,17,17
278,279,41,41
279,278,41,41
279,280,74,74
280,279,74,74
280,281,19,19
281,280,19,19
205,282,23,23
282,205,23,23
282,283,43,43
283,282,43,43
283,284,46,46
284,283,46,46
284,285,35,35
285,284,35,35
285,286,13,13
286,285,13,13
286,287,5,5
287,286,5,5
287,288,45,45
288,287,45,45
288,289,46,46
289,288,46,46
289,290,13,13
290,289,13,13
290,291,24,24
291,290,24,24
291,292,17,17
292,291,17,17
292,293,13,13
293,292,13,13
293,294,30,30
294,293,30,30
294,206,60,60
206,294,60,60
295,296,11,11
296,295,11,2000000000
296,297,11,11
297,296,11,2000000000
297,298,11,11
298,297,11,2000000000
298,299,11,11
299,298,11,2000000000
299,300,43,43
300,299,43,2000000000
300,301,8,8
301,300,8,2000000000
301,302,21,21
302,301,21,2000000000
302,303,14,14
303,302,14,2000000000
303,304,13,13
304,303,13,2000000000
304,305,13,13
305,304,13,2000000000
41,306,9,9
306,41,9,9
306,307,4,4
307,306,4,4
307,308,16,16
308,307,16,16
308,309,23,23
309,308,23,23
309,310,26,26
310,309,26,26
310,311,15,15
311,310,15,15
311,312,9,9
312,311,9,9
312,313,37,37
313,312,37,37
313,314,2,2
314,313,2,2
314,315,31,31
315,314,31,31
315,316,61,61
316,315,61,61
316,317,30,30
317,316,30,30
317,318,75,75
318,317,75,75
318,319,42,42
319,318,42,42
319,320,35,35
320,319,35,35
41,321,74,74
321,41,74,74
321,322,11,11
322,321,11,11
322,323,27,27
323,322,27,27
324,325,66,66
325,324,66,66
325,326,16,16
326,325,16,16
326,327,17,17
327,326,17,17
327,323,58,58
323,327,58,58
323,328,6,6
328,323,6,6
328,329,21,21
329,328,21,21
329,330,9,9
330,329,9,9
330,331,77,77
331,330,77,77
331,332,63,63
332,331,63,63
332,333,5,5
333,332,5,5
333,334,88,88
334,333,88,88
334,335,13,13
335,334,13,13
335,336,11,11
336,335,11,11
337,338,6,6
338,337,6,2000000000
338,339,6,6
339,338,6,2000000000
339,340,6,6
340,339,6,2000000000
340,341,6,6
341,340,6,2000000000
341,342,6,6
342,341,6,2000000000
342,343,6,6
343,342,6,2000000000
343,344,6,6
344,343,6,2000000000
344,345,6,6
345,344,6,2000000000
345,346,6,6
346,345,6,2000000000
346,347,6,6
347,346,6,2000000000
347,348,6,6
348,347,6,2000000000
348,336,6,6
336,348,6,2000000000
336,349,6,6
349,336,6,2000000000
349,350,6,6
350,349,6,2000000000
350,351,6,6
351,350,6,2000000000
351,352,6,6
352,351,6,2000000000
352,353,6,6
353,352,6,2000000000
353,354,6,6
354,353,6,2000000000
354,337,6,6
337,354,6,2000000000
355,356,15,15
356,355,15,15
356,357,6,6
357,356,6,6
357,358,14,14
358,357,14,14
358,359,33,33
359,358,33,33
359,360,50,50
360,359,50,50
360,361,11,11
361,360,11,11
361,362,25,25
362,361,25,25
362,363,68,68
363,362,68,68
363,364,42,42
364,363,42,42
364,365,22,22
365,364,22,22
365,366,64,64
366,365,64,64
366,367,52,52
367,366,52,52
367,368,11,11
368,367,11,11
208,369,15,2000000000
369,208,15,2000000000
369,370,20,2000000000
370,369,20,2000000000
370,371,78,2000000000
371,370,78,2000000000
371,213,33,2000000000
213,371,33,2000000000
371,372,13,2000000000
372,371,13,2000000000
372,373,10,2000000000
373,372,10,2000000000
373,374,20,2000000000
374,373,20,2000000000
374,368,66,2000000000
368,374,66,2000000000
375,376,54,2000000000
376,375,54,2000000000
376,377,35,2000000000
377,376,35,2000000000
377,378,32,2000000000
378,377,32,2000000000
378,368,58,2000000000
368,378,58,2000000000
374,378,26,2000000000
378,374,26,2000000000
331,379,33,33
379,331,33,33
379,380,41,41
380,379,41,41
380,381,7,7
381,380,7,7
381,382,36,36
382,381,36,36
382,383,14,14
383,382,14,14
383,384,4,4
384,383,4,4
384,385,40,40
385,384,40,40
385,386,79,79
386,385,79,79
386,44,59,59
44,386,59,59
193,387,34,34
387,193,34,34
387,388,85,85
388,387,85,85
388,389,24,24
389,388,24,24
389,390,55,55
390,389,55,55
390,391,10,10
391,390,10,10
391,392,29,29
392,391,29,29
392,393,25,25
393,392,25,25
393,394,98,98
394,393,98,98
394,395,86,86
395,394,86,86
320,396,52,52
396,320,52,52
396,395,58,58
395,396,58,58
395,397,16,16
397,395,16,16
397,398,42,42
398,397,42,42
398,399,37,37
399,398,37,37
399,400,51,51
400,399,51,51
400,32,12,12
32,400,12,12
401,402,6,2000000000
402,401,6,2000000000
402,403,148,2000000000
403,402,148,2000000000
403,404,25,2000000000
404,403,25,2000000000
404,405,24,2000000000
405,404,24,2000000000
405,292,10,2000000000
292,405,10,2000000000
293,406,11,11
406,293,11,11
406,407,13,13
407,406,13,13
407,408,48,48
408,407,48,48
408,409,10,10
409,408,10,10
409,410,33,33
410,409,33,33
410,411,41,41
411,410,41,41
411,412,59,59
412,411,59,59
412,413,85,85
413,412,85,85
413,414,8,8
414,413,8,8
414,415,27,27
415,414,27,27
415,416,8,8
416,415,8,8
416,417,10,10
417,416,10,10
417,418,12,12
418,417,12,12
418,419,22,22
419,418,22,22
419,420,20,20
420,419,20,20
420,401,7,7
401,420,7,7
401,421,11,11
421,401,11,11
421,422,24,24
422,421,24,24
422,286,12,12
286,422,12,12
416,423,89,89
423,416,89,89
423,424,46,46
424,423,46,46
424,425,50,50
425,424,50,50
425,426,20,20
426,425,20,20
427,428,10,10
428,427,10,10
428,429,50,50
429,428,50,50
429,430,8,8
430,429,8,8
430,431,20,20
431,430,20,20
431,282,20,20
282,431,20,20
431,432,18,18
432,431,18,18
432,433,45,45
433,432,45,45
433,434,5,5
434,433,5,5
434,435,39,39
435,434,39,39
435,436,36,36
436,435,36,36
436,437,35,35
437,436,35,35
437,438,24,24
438,437,24,24
438,439,15,15
439,438,15,15
439,440,27,27
440,439,27,27
440,441,41,41
441,440,41,41
441,442,6,6
442,441,6,6
442,443,25,25
443,442,25,25
443,444,39,39
444,443,39,39
444,445,8,8
445,444,8,8
445,446,33,33
446,445,33,33
446,447,50,50
447,446,50,50
447,448,26,26
448,447,26,26
448,449,24,24
449,448,24,24
449,450,22,22
450,449,22,22
450,451,43,43
451,450,43,43
451,452,50,50
452,451,50,50
452,453,52,52
453,452,52,52
453,454,51,51
454,453,51,51
454,196,31,31
196,454,31,31
448,455,53,53
455,448,53,53
455,456,29,29
456,455,29,29
456,457,21,21
457,456,21,21
457,458,24,24
458,457,24,24
458,459,11,11
459,458,11,11
459,460,31,31
460,459,31,31
460,461,39,39
461,460,39,39
461,462,34,34
462,461,34,34
462,463,19,19
463,462,19,19
463,414,87,87
414,463,87,87
415,464,42,42
464,415,42,42
464,465,17,17
465,464,17,17
465,466,28,28
466,465,28,28
466,467,26,26
467,466,26,26
467,468,35,35
468,467,35,35
468,469,42,42
469,468,42,42
469,470,28,2000000000
470,469,28,2000000000
470,458,33,2000000000
458,470,33,2000000000
445,471,27,27
471,445,27,27
471,472,22,22
472,471,22,22
472,473,5,5
473,472,5,5
473,474,28,28
474,473,28,28
474,475,22,22
475,474,22,22
475,476,24,24
476,475,24,24
476,423,24,24
423,476,24,24
442,473,72,72
473,442,72,72
447,477,34,34
477,447,34,34
477,478,57,57
478,477,57,57
478,473,32,32
473,478,32,32
40,479,37,2000000000
479,40,37,2000000000
479,480,4,2000000000
480,479,4,2000000000
480,481,15,2000000000
481,480,15,2000000000
482,380,59,2000000000
380,482,59,2000000000
330,483,55,2000000000
483,330,55,2000000000
484,322,59,2000000000
322,484,59,2000000000
485,486,4,4
486,485,4,4
486,487,4,4
487,486,4,4
487,488,5,5
488,487,5,5
488,489,5,5
489,488,5,5
489,490,5,5
490,489,5,5
490,491,4,4
491,490,4,4
491,492,4,4
492,491,4,4
492,493,6,6
493,492,6,6
493,494,53,53
494,493,53,53
494,495,12,12
495,494,12,12
495,496,10,10
496,495,10,10
496,497,17,17
497,496,17,17
497,498,33,33
498,497,33,33
498,499,20,20
499,498,20,20
499,500,23,23
500,499,23,23
500,382,18,18
382,500,18,18
485,501,59,59
501,485,59,59
501,502,6,6
502,501,6,6
502,503,10,10
503,502,10,10
503,504,43,43
504,503,43,43
487,505,40,40
505,487,40,40
491,506,48,48
506,491,48,48
489,507,26,26
507,489,26,26
307,508,39,39
508,307,39,39
508,509,31,31
509,508,31,31
509,510,25,25
510,509,25,25
510,511,16,16
511,510,16,16
511,512,4,4
512,511,4,4
512,513,9,9
513,512,9,9
513,514,23,23
514,513,23,23
514,515,11,11
515,514,11,11
515,516,1,1
516,515,1,1
516,517,6,6
517,516,6,6
517,518,5,5
518,517,5,5
518,519,6,6
519,518,6,6
519,520,4,4
520,519,4,4
520,521,10,10
521,520,10,10
521,522,11,11
522,521,11,11
522,523,13,13
523,522,13,13
523,524,8,8
524,523,8,8
524,525,6,6
525,524,6,6
525,526,4,4
526,525,4,4
526,514,11,11
514,526,11,11
527,39,84,2000000000
39,527,84,2000000000
194,528,59,2000000000
528,194,59,2000000000
528,517,41,2000000000
517,528,41,2000000000
508,529,26,26
529,508,26,26
529,530,36,36
530,529,36,36
530,531,42,42
531,530,42,42
531,532,16,16
532,531,16,16
532,533,24,24
533,532,24,24
533,534,6,6
534,533,6,6
534,535,8,8
535,534,8,8
535,536,20,20
536,535,20,20
536,537,67,67
537,536,67,67
537,388,20,20
388,537,20,20
538,539,47,47
539,538,47,47
539,540,25,25
540,539,25,25
540,541,9,9
541,540,9,9
541,542,15,15
542,541,15,15
542,543,29,29
543,542,29,29
543,544,12,12
544,543,12,12
544,393,56,56
393,544,56,56
393,545,37,37
545,393,37,37
545,546,30,30
546,545,30,30
546,547,16,16
547,546,16,16
547,548,13,13
548,547,13,13
548,549,9,9
549,548,9,9
549,550,48,48
550,549,48,48
550,551,32,32
551,550,32,32
551,552,9,9
552,551,9,9
552,535,29,29
535,552,29,29
553,554,5,2000000000
554,553,5,2000000000
554,555,5,2000000000
555,554,5,2000000000
555,556,5,2000000000
556,555,5,2000000000
556,557,5,2000000000
557,556,5,2000000000
557,558,5,2000000000
558,557,5,2000000000
558,559,5,2000000000
559,558,5,2000000000
559,560,4,2000000000
560,559,4,2000000000
560,561,4,2000000000
561,560,4,2000000000
561,562,4,2000000000
562,561,4,2000000000
562,563,4,2000000000
563,562,4,2000000000
563,564,4,2000000000
564,563,4,2000000000
564,565,4,2000000000
565,564,4,2000000000
565,566,5,2000000000
566,565,5,2000000000
566,567,5,2000000000
567,566,5,2000000000
567,568,5,2000000000
568,567,5,2000000000
568,569,5,2000000000
569,568,5,2000000000
569,570,5,2000000000
570,569,5,2000000000
570,571,5,2000000000
571,570,5,2000000000
300,572,24,24
572,300,24,24
572,573,23,23
573,572,23,23
573,574,18,18
574,573,18,18
574,575,69,69
575,574,69,69
575,571,61,61
571,575,61,61
173,576,38,38
576,173,38,38
576,577,32,32
577,576,32,32
577,578,32,32
578,577,32,32
578,579,35,35
579,578,35,35
579,580,15,15
580,579,15,15
580,581,8,8
581,580,8,8
581,582,55,55
582,581,55,55
582,583,15,15
583,582,15,15
583,584,41,41
584,583,41,41
584,585,23,23
585,584,23,23
585,586,25,25
586,585,25,25
586,587,26,26
587,586,26,26
587,588,14,14
588,587,14,14
588,146,121,121
146,588,121,121
146,589,59,59
589,146,59,59
589,590,83,83
590,589,83,83
148,591,66,66
591,148,66,66
591,592,19,19
592,591,19,19
592,593,6,6
593,592,6,6
593,590,51,51
590,593,51,51
50,594,31,31
594,50,31,31
594,595,24,24
595,594,24,24
595,596,25,25
596,595,25,25
596,597,20,20
597,596,20,20
597,598,13,13
598,597,13,13
598,599,10,10
599,598,10,10
599,600,36,36
600,599,36,36
600,601,26,26
601,600,26,26
601,602,41,41
602,601,41,41
602,603,50,50
603,602,50,50
603,604,100,100
604,603,100,100
604,605,4,4
605,604,4,4
605,606,3,3
606,605,3,3
606,607,3,3
607,606,3,3
607,608,27,27
608,607,27,27
598,609,26,26
609,598,26,26
609,610,21,21
610,609,21,21
610,611,12,12
611,610,12,12
611,612,6,6
612,611,6,6
612,613,26,26
613,612,26,26
613,602,11,11
602,613,11,11
381,614,43,43
614,381,43,43
614,615,33,33
615,614,33,33
615,616,16,16
616,615,16,16
616,617,21,21
617,616,21,21
617,618,12,12
618,617,12,12
618,619,11,11
619,618,11,11
619,620,35,35
620,619,35,35
620,621,13,13
621,620,13,13
621,622,15,15
622,621,15,15
622,623,13,13
623,622,13,13
623,624,25,25
624,623,25,25
624,625,21,21
625,624,21,21
625,626,10,10
626,625,10,10
626,627,5,5
627,626,5,5
627,628,12,12
628,627,12,12
628,629,26,26
629,628,26,26
629,630,20,20
630,629,20,20
91,631,7,2000000000
631,91,7,2000000000
631,632,47,2000000000
632,631,47,2000000000
632,633,14,2000000000
633,632,14,2000000000
633,634,43,2000000000
634,633,43,2000000000
634,635,18,2000000000
635,634,18,2000000000
636,637,17,2000000000
637,636,17,2000000000
637,638,26,2000000000
638,637,26,2000000000
638,639,10,2000000000
639,638,10,2000000000
640,641,22,2000000000
641,640,22,2000000000
641,642,18,2000000000
642,641,18,2000000000
642,643,5,2000000000
643,642,5,2000000000
643,644,4,2000000000
644,643,4,2000000000
644,645,2,2000000000
645,644,2,2000000000
645,646,4,2000000000
646,645,4,2000000000
646,647,17,2000000000
647,646,17,2000000000
647,648,6,2000000000
648,647,6,2000000000
648,649,20,2000000000
649,648,20,2000000000
649,650,4,2000000000
650,649,4,2000000000
651,652,38,2000000000
652,651,38,2000000000
652,653,14,2000000000
653,652,14,2000000000
653,654,66,2000000000
654,653,66,2000000000
654,655,14,2000000000
655,654,14,2000000000
655,656,20,2000000000
656,655,20,2000000000
655,657,34,2000000000
657,655,34,2000000000
657,658,4,2000000000
658,657,4,2000000000
658,659,7,2000000000
659,658,7,2000000000
659,660,15,2000000000
660,659,15,2000000000
660,661,11,2000000000
661,660,11,2000000000
661,662,28,2000000000
662,661,28,2000000000
662,663,11,2000000000
663,662,11,2000000000
663,664,9,2000000000
664,663,9,2000000000
665,34,74,74
34,665,74,74
479,666,42,2000000000
666,479,42,2000000000
666,667,22,2000000000
667,666,22,2000000000
667,668,6,2000000000
668,667,6,2000000000
668,669,16,2000000000
669,668,16,2000000000
667,670,6,2000000000
670,667,6,2000000000
670,504,19,2000000000
504,670,19,2000000000
329,671,64,2000000000
671,329,64,2000000000
672,326,8,2000000000
326,672,8,2000000000
326,673,7,2000000000
673,326,7,2000000000
162,681,28,2000000000
681,162,28,2000000000
681,682,59,2000000000
682,681,59,2000000000
682,683,53,2000000000
683,682,53,2000000000
683,684,18,2000000000
684,683,18,2000000000
684,685,18,2000000000
685,684,18,2000000000
685,686,5,2000000000
686,685,5,2000000000
686,687,35,2000000000
687,686,35,2000000000
687,688,49,2000000000
688,687,49,2000000000
688,689,16,2000000000
689,688,16,2000000000
689,690,27,2000000000
690,689,27,2000000000
690,691,26,2000000000
691,690,26,2000000000
691,692,22,2000000000
692,691,22,2000000000
692,693,26,2000000000
693,692,26,2000000000
693,694,35,2000000000
694,693,35,2000000000
694,695,66,2000000000
695,694,66,2000000000
695,696,9,2000000000
696,695,9,2000000000
696,697,5,2000000000
697,696,5,2000000000
697,698,26,2000000000
698,697,26,2000000000
698,699,43,2000000000
699,698,43,2000000000
149,700,38,38
700,149,38,38
700,701,62,62
701,700,62,62
701,702,40,40
702,701,40,40
590,702,81,81
702,590,81,81
701,703,12,12
703,701,12,12
703,704,17,17
704,703,17,17
704,705,16,16
705,704,16,16
705,706,17,17
706,705,17,17
706,700,23,23
700,706,23,23
388,707,58,58
707,388,58,58
707,708,31,31
708,707,31,31
708,709,42,42
709,708,42,42
709,710,29,29
710,709,29,29
710,711,28,28
711,710,28,28
711,188,80,80
188,711,80,80
711,712,71,71
712,711,71,71
712,75,96,96
75,712,96,96
713,714,6,6
714,713,6,6
714,715,8,8
715,714,8,8
715,716,21,21
716,715,21,21
320,717,26,26
717,320,26,26
717,718,33,33
718,717,33,33
718,719,61,61
719,718,61,61
719,720,29,29
720,719,29,29
720,721,107,107
721,720,107,107
222,722,33,33
722,222,33,33
722,723,8,8
723,722,8,8
723,724,4,4
724,723,4,4
724,725,3,3
725,724,3,3
725,726,23,23
726,725,23,23
726,221,44,44
221,726,44,44
724,727,48,48
727,724,48,48
727,728,8,8
728,727,8,8
728,729,8,8
729,728,8,8
729,730,7,7
730,729,7,7
730,731,6,6
731,730,6,6
731,732,7,7
732,731,7,7
732,733,4,4
733,732,4,4
733,734,3,3
734,733,3,3
734,735,7,7
735,734,7,7
735,736,7,7
736,735,7,7
736,737,7,7
737,736,7,7
737,727,8,8
727,737,8,8
733,738,24,24
738,733,24,24
739,730,9,9
730,739,9,9
736,740,10,10
740,736,10,10
225,227,94,94
227,225,94,94
741,742,2000000000,14
742,741,2000000000,2000000000
742,743,2000000000,22
743,742,2000000000,2000000000
743,744,2000000000,20
744,743,2000000000,2000000000
744,745,2000000000,21
745,744,2000000000,2000000000
745,746,2000000000,32
746,745,2000000000,2000000000
746,747,2000000000,41
747,746,2000000000,2000000000
747,748,2000000000,24
748,747,2000000000,2000000000
748,749,2000000000,33
749,748,2000000000,2000000000
749,750,2000000000,14
750,749,2000000000,2000000000
750,751,2000000000,13
751,750,2000000000,2000000000
751,752,2000000000,14
752,751,2000000000,2000000000
752,753,2000000000,12
753,752,2000000000,2000000000
753,754,2000000000,19
754,753,2000000000,2000000000
754,755,2000000000,12
755,754,2000000000,2000000000
755,756,2000000000,21
756,755,2000000000,2000000000
756,757,2000000000,25
757,756,2000000000,2000000000
757,758,2000000000,32
758,757,2000000000,2000000000
758,759,2000000000,61
759,758,2000000000,2000000000
759,760,2000000000,42
760,759,2000000000,2000000000
760,761,2000000000,70
761,760,2000000000,2000000000
762,763,21,21
763,762,21,2000000000
763,764,12,12
764,763,12,2000000000
764,765,23,23
765,764,23,2000000000
765,721,26,26
721,765,26,2000000000
721,766,11,11
766,721,11,2000000000
767,768,25,25
768,767,25,2000000000
768,769,12,12
769,768,12,2000000000
769,770,55,55
770,769,55,2000000000
770,674,2,2
674,770,2,2000000000
771,772,2000000000,16
772,771,2000000000,2000000000
772,773,2000000000,19
773,772,2000000000,2000000000
773,774,2000000000,25
774,773,2000000000,2000000000
774,775,2000000000,14
775,774,2000000000,2000000000
775,776,2000000000,23
776,775,2000000000,2000000000
776,777,2000000000,19
777,776,2000000000,2000000000
777,778,2000000000,11
778,777,2000000000,2000000000
778,779,2000000000,13
779,778,2000000000,2000000000
779,780,2000000000,11
780,779,2000000000,2000000000
780,781,2000000000,24
781,780,2000000000,2000000000
781,782,2000000000,137
782,781,2000000000,2000000000
783,784,2000000000,52
784,783,2000000000,2000000000
784,785,2000000000,5
785,784,2000000000,2000000000
785,786,2000000000,40
786,785,2000000000,2000000000
786,771,2000000000,17
771,786,2000000000,2000000000
787,788,2000000000,17
788,787,2000000000,2000000000
788,789,2000000000,35
789,788,2000000000,2000000000
789,790,2000000000,18
790,789,2000000000,2000000000
790,791,2000000000,14
791,790,2000000000,2000000000
791,792,2000000000,31
792,791,2000000000,2000000000
792,793,2000000000,20
793,792,2000000000,2000000000
793,794,2000000000,17
794,793,2000000000,2000000000
794,783,2000000000,19
783,794,2000000000,2000000000
305,795,13,13
795,305,13,2000000000
795,796,13,13
796,795,13,2000000000
796,797,13,13
797,796,13,2000000000
797,798,80,80
798,797,80,2000000000
674,799,3,3
799,674,3,2000000000
799,800,1,1
800,799,1,2000000000
800,801,5,5
801,800,5,2000000000
801,802,35,35
802,801,35,2000000000
767,116,2000000000,131
116,767,2000000000,2000000000
815,816,6,6
816,815,6,2000000000
816,817,5,5
817,816,5,2000000000
817,818,66,66
818,817,66,2000000000
818,819,35,35
819,818,35,2000000000
819,820,12,12
820,819,12,2000000000
820,821,12,12
821,820,12,2000000000
821,782,18,18
782,821,18,2000000000
782,762,19,19
762,782,19,2000000000
822,823,7,7
823,822,7,2000000000
823,824,32,32
824,823,32,2000000000
824,825,41,41
825,824,41,2000000000
825,826,13,13
826,825,13,2000000000
826,186,22,22
186,826,22,2000000000
186,767,28,28
767,186,28,2000000000
762,827,2000000000,12
827,762,2000000000,2000000000
827,828,2000000000,23
828,827,2000000000,2000000000
828,829,2000000000,26
829,828,2000000000,2000000000
829,830,2000000000,26
830,829,2000000000,2000000000
830,741,2000000000,4
741,830,2000000000,2000000000
766,831,3,3
831,766,3,2000000000
831,832,19,19
832,831,19,2000000000
832,833,25,25
833,832,25,2000000000
833,834,22,22
834,833,22,2000000000
834,835,6,6
835,834,6,2000000000
835,836,5,5
836,835,5,2000000000
565,856,9,9
856,565,9,9
856,857,16,16
857,856,16,16
559,858,10,10
858,559,10,10
858,859,10,10
859,858,10,10
858,860,24,24
860,858,24,24
860,861,27,27
861,860,27,27
861,862,4,4
862,861,4,4
862,333,57,57
333,862,57,57
342,863,8,8
863,342,8,8
863,864,11,11
864,863,11,11
864,865,7,7
865,864,7,7
865,866,10,10
866,865,10,10
866,867,27,27
867,866,27,27
867,868,38,38
868,867,38,38
868,869,20,20
869,868,20,20
869,870,39,39
870,869,39,39
870,871,15,15
871,870,15,15
871,872,14,14
872,871,14,14
872,873,13,13
873,872,13,13
873,874,54,54
874,873,54,54
874,875,48,48
875,874,48,48
875,876,38,38
876,875,38,38
876,877,27,27
877,876,27,27
877,878,23,23
878,877,23,23
878,879,20,20
879,878,20,20
879,880,13,13
880,879,13,13
880,881,30,30
881,880,30,30
881,98,6,6
98,881,6,6
882,883,63,63
883,882,63,63
883,365,56,56
365,883,56,56
370,884,8,2000000000
884,370,8,2000000000
884,885,18,2000000000
885,884,18,2000000000
885,886,83,2000000000
886,885,83,2000000000
886,887,23,2000000000
887,886,23,2000000000
373,888,22,2000000000
888,373,22,2000000000
888,889,19,2000000000
889,888,19,2000000000
889,890,13,2000000000
890,889,13,2000000000
890,891,9,2000000000
891,890,9,2000000000
891,892,5,2000000000
892,891,5,2000000000
163,893,113,113
893,163,113,113
893,894,73,73
894,893,73,73
894,895,25,25
895,894,25,25
895,896,20,20
896,895,20,20
896,897,44,44
897,896,44,44
897,898,6,6
898,897,6,6
898,899,29,29
899,898,29,29
899,154,46,46
154,899,46,46
894,900,47,47
900,894,47,47
900,901,19,19
901,900,19,19
901,902,49,49
902,901,49,49
902,903,5,5
903,902,5,5
903,904,45,45
904,903,45,45
904,905,48,48
905,904,48,48
905,906,57,2000000000
906,905,57,2000000000
906,907,14,2000000000
907,906,14,2000000000
907,576,44,2000000000
576,907,44,2000000000
903,908,37,37
908,903,37,37
908,909,30,30
909,908,30,30
908,910,61,61
910,908,61,61
910,900,32,32
900,910,32,32
900,585,46,2000000000
585,900,46,2000000000
406,405,11,2000000000
405,406,11,2000000000
405,911,100,2000000000
911,405,100,2000000000
911,422,50,2000000000
422,911,50,2000000000
410,912,85,2000000000
912,410,85,2000000000
912,913,69,2000000000
913,912,69,2000000000
913,418,25,2000000000
418,913,25,2000000000
914,80,13,2000000000
80,914,13,2000000000
915,916,5,2000000000
916,915,5,2000000000
916,914,9,2000000000
914,916,9,2000000000
78,917,111,2000000000
917,78,111,2000000000
917,918,19,2000000000
918,917,19,2000000000
918,919,30,2000000000
919,918,30,2000000000
919,920,39,2000000000
920,919,39,2000000000
920,187,78,2000000000
187,920,78,2000000000
918,712,41,2000000000
712,918,41,2000000000
920,711,38,2000000000
711,920,38,2000000000
84,921,58,58
921,84,58,58
921,922,35,35
922,921,35,35
922,923,45,45
923,922,45,45
923,924,22,22
924,923,22,22
924,925,54,54
925,924,54,54
925,926,47,47
926,925,47,47
926,635,60,60
635,926,60,60
635,927,8,8
927,635,8,8
927,160,6,6
160,927,6,6
647,928,12,2000000000
928,647,12,2000000000
928,929,3,2000000000
929,928,3,2000000000
929,930,3,2000000000
930,929,3,2000000000
642,636,2,2000000000
636,642,2,2000000000
915,931,47,47
931,915,47,47
931,932,32,32
932,931,32,32
932,933,75,75
933,932,75,75
32,934,14,14
934,32,14,14
934,58,16,16
58,934,16,16
59,935,82,82
935,59,82,82
63,538,25,25
538,63,25,25
538,936,34,34
936,538,34,34
936,937,20,20
937,936,20,20
937,938,34,34
938,937,34,34
938,939,10,10
939,938,10,10
939,940,23,23
940,939,23,23
940,941,18,18
941,940,18,18
941,942,41,41
942,941,41,41
942,74,17,17
74,942,17,17
943,944,45,2000000000
944,943,45,2000000000
945,946,4,2000000000
946,945,4,2000000000
946,947,67,2000000000
947,946,67,2000000000
947,948,19,2000000000
948,947,19,2000000000
948,949,29,2000000000
949,948,29,2000000000
949,950,54,2000000000
950,949,54,2000000000
950,951,14,2000000000
951,950,14,2000000000
951,952,36,2000000000
952,951,36,2000000000
952,953,38,2000000000
953,952,38,2000000000
953,954,4,2000000000
954,953,4,2000000000
954,955,21,2000000000
955,954,21,2000000000
955,11,68,2000000000
11,955,68,2000000000
101,956,83,83
956,101,83,83
956,957,10,10
957,956,10,10
957,958,47,47
958,957,47,47
958,959,18,18
959,958,18,18
959,960,20,20
960,959,20,20
960,961,4,4
961,960,4,4
961,962,20,20
962,961,20,20
962,963,5,5
963,962,5,5
963,876,20,20
876,963,20,20
957,964,47,47
964,957,47,47
964,965,47,47
965,964,47,47
965,966,18,18
966,965,18,18
966,967,20,20
967,966,20,20
967,968,21,21
968,967,21,21
962,969,24,24
969,962,24,24
969,968,30,30
968,969,30,30
968,970,27,27
970,968,27,27
970,971,16,16
971,970,16,16
971,972,8,8
972,971,8,8
972,973,7,7
973,972,7,7
973,974,4,4
974,973,4,4
974,975,21,21
975,974,21,21
975,976,17,17
976,975,17,17
976,965,44,44
965,976,44,44
965,958,47,47
958,965,47,47
974,967,44,44
967,974,44,44
967,960,47,47
960,967,47,47
975,966,44,44
966,975,44,44
966,959,47,47
959,966,47,47
970,977,18,18
977,970,18,18
977,978,7,7
978,977,7,7
978,979,15,15
979,978,15,15
979,980,5,5
980,979,5,5
980,981,9,9
981,980,9,9
981,982,23,23
982,981,23,23
982,983,27,27
983,982,27,27
983,984,21,21
984,983,21,21
984,985,26,26
985,984,26,26
985,986,24,24
986,985,24,24
553,987,47,47
987,553,47,47
987,988,41,41
988,987,41,41
988,989,25,25
989,988,25,25
989,990,14,14
990,989,14,14
990,873,48,48
873,990,48,48
873,991,62,62
991,873,62,62
991,992,18,18
992,991,18,18
992,955,42,42
955,992,42,42
955,993,50,50
993,955,50,50
993,994,36,36
994,993,36,36
994,995,40,40
995,994,40,40
872,953,108,108
953,872,108,108
953,996,34,34
996,953,34,34
987,997,39,39
997,987,39,39
997,998,26,26
998,997,26,26
998,999,20,20
999,998,20,20
999,1000,26,26
1000,999,26,26
1000,1001,22,22
1001,1000,22,22
1001,1002,27,27
1002,1001,27,27
1002,1003,24,24
1003,1002,24,24
981,1004,14,14
1004,981,14,14
1004,1003,25,25
1003,1004,25,25
1003,1005,13,13
1005,1003,13,13
1005,1006,32,32
1006,1005,32,32
1006,1007,8,8
1007,1006,8,8
1007,1008,9,9
1008,1007,9,9
1008,1009,11,11
1009,1008,11,11
1009,1010,10,10
1010,1009,10,10
1009,1011,30,30
1011,1009,30,30
1011,1012,26,26
1012,1011,26,26
1012,1004,30,30
1004,1012,30,30
1006,1012,34,34
1012,1006,34,34
876,1013,39,39
1013,876,39,39
1013,1014,34,34
1014,1013,34,34
1014,1015,26,26
1015,1014,26,26
1015,1016,34,34
1016,1015,34,34
1016,877,42,42
877,1016,42,42
998,986,34,34
986,998,34,34
986,990,39,39
990,986,39,39
990,870,38,38
870,990,38,38
870,952,105,105
952,870,105,105
952,995,107,107
995,952,107,107
995,7,40,40
7,995,40,40
997,1017,21,21
1017,997,21,21
1017,988,19,19
988,1017,19,19
988,1018,34,34
1018,988,34,34
1018,869,32,32
869,1018,32,32
869,950,104,104
950,869,104,104
951,1019,136,136
1019,951,136,136
1020,1021,32,32
1021,1020,32,32
1021,1022,15,15
1022,1021,15,15
1022,1019,19,19
1019,1022,19,19
1019,1023,7,7
1023,1019,7,7
1023,1024,20,20
1024,1023,20,20
1024,1025,8,8
1025,1024,8,8
1025,1026,22,22
1026,1025,22,22
1026,1020,17,17
1020,1026,17,17
1020,5,6,6
5,1020,6,6
1022,1026,30,30
1026,1022,30,30
864,1027,19,19
1027,864,19,19
1027,947,93,93
947,1027,93,93
1028,1029,26,26
1029,1028,26,26
1029,866,27,27
866,1029,27,27
866,948,102,102
948,866,102,102
949,867,103,103
867,949,103,103
867,1028,23,23
1028,867,23,23
868,1030,52,52
1030,868,52,52
999,985,35,35
985,999,35,35
1000,984,36,36
984,1000,36,36
984,1031,49,49
1031,984,49,49
1031,1032,19,19
1032,1031,19,19
1032,1033,31,31
1033,1032,31,31
1033,1034,33,33
1034,1033,33,33
1034,1035,18,18
1035,1034,18,18
1035,969,22,22
969,1035,22,22
1001,983,37,37
983,1001,37,37
983,1032,50,50
1032,983,50,50
1032,874,33,33
874,1032,33,33
874,1036,75,75
1036,874,75,75
1002,982,38,38
982,1002,38,38
982,1033,52,52
1033,982,52,52
1033,1037,18,18
1037,1033,18,18
1037,1038,17,17
1038,1037,17,17
1038,875,17,17
875,1038,17,17
980,1039,45,45
1039,980,45,45
1039,1034,9,9
1034,1039,9,9
978,1035,56,56
1035,978,56,56
878,1040,45,45
1040,878,45,45
1040,1041,7,7
1041,1040,7,7
1041,881,28,28
881,1041,28,28
1013,1016,26,26
1016,1013,26,26
1016,1040,27,27
1040,1016,27,27
13,1036,22,22
1036,13,22,22
1036,992,45,45
992,1036,45,45
767,1042,49,49
1042,767,49,49
1042,1043,60,60
1043,1042,60,60
1043,1044,2,2
1044,1043,2,2
1044,1045,16,16
1045,1044,16,16
1045,1046,9,9
1046,1045,9,9
1046,1047,11,11
1047,1046,11,11
1047,1048,43,43
1048,1047,43,43
1048,1049,74,74
1049,1048,74,74
1010,1049,34,2000000000
1049,1010,34,2000000000
1043,1050,18,18
1050,1043,18,18
1050,1051,27,27
1051,1050,27,27
1051,1052,18,18
1052,1051,18,18
1052,1053,38,38
1053,1052,38,38
1053,1048,22,22
1048,1053,22,22
1048,1054,22,22
1054,1048,22,22
1054,1055,31,31
1055,1054,31,31
1055,1056,28,28
1056,1055,28,28
1042,1057,21,21
1057,1042,21,21
1057,1058,72,72
1058,1057,72,72
1058,1059,28,28
1059,1058,28,28
1059,1048,37,37
1048,1059,37,37
1051,1046,23,23
1046,1051,23,23
1045,1058,29,29
1058,1045,29,29
1059,1055,23,23
1055,1059,23,23
1060,1061,34,34
1061,1060,34,34
1061,1062,12,12
1062,1061,12,12
1062,1063,26,26
1063,1062,26,26
1063,1064,25,25
1064,1063,25,25
1064,1065,20,20
1065,1064,20,20
1065,1066,18,18
1066,1065,18,18
1066,1067,22,22
1067,1066,22,22
1067,1068,18,18
1068,1067,18,18
1068,1069,39,39
1069,1068,39,39
1069,1070,10,10
1070,1069,10,10
115,1071,27,27
1071,115,27,27
1071,1072,22,22
1072,1071,22,22
1072,1073,14,14
1073,1072,14,14
1073,1074,38,38
1074,1073,38,38
1074,1070,24,24
1070,1074,24,24
1075,1076,28,28
1076,1075,28,28
1076,1065,30,30
1065,1076,30,30
1065,1077,22,22
1077,1065,22,22
1077,1078,28,28
1078,1077,28,28
1078,1074,34,34
1074,1078,34,34
1074,1079,33,33
1079,1074,33,33
1077,1080,38,38
1080,1077,38,38
1078,1081,38,38
1081,1078,38,38
1061,1082,49,49
1082,1061,49,49
1082,1071,54,54
1071,1082,54,54
1083,1082,25,25
1082,1083,25,25
1082,1084,37,37
1084,1082,37,37
1062,1085,33,33
1085,1062,33,33
1085,1086,30,30
1086,1085,30,30
1086,1087,28,28
1087,1086,28,28
1087,1075,36,36
1075,1087,36,36
1075,1088,15,15
1088,1075,15,15
1076,1089,20,20
1089,1076,20,20
1089,1090,24,24
1090,1089,24,24
1090,1085,23,23
1085,1090,23,23
1091,1087,37,37
1087,1091,37,37
1087,1090,30,30
1090,1087,30,30
1090,1063,31,31
1063,1090,31,31
1063,1080,34,34
1080,1063,34,34
1080,1084,11,11
1084,1080,11,11
1084,1081,18,18
1081,1084,18,18
1081,1073,34,34
1073,1081,34,34
1089,1064,30,30
1064,1089,30,30
1092,1093,7,7
1093,1092,7,7
1093,1079,53,53
1079,1093,53,53
1079,1094,10,10
1094,1079,10,10
1094,1095,25,25
1095,1094,25,25
1095,1096,57,57
1096,1095,57,57
1096,1097,33,33
1097,1096,33,33
1097,1098,84,84
1098,1097,84,84
1098,1099,25,25
1099,1098,25,25
1099,1100,39,39
1100,1099,39,39
1100,1101,30,30
1101,1100,30,30
1101,1102,21,21
1102,1101,21,21
1072,1092,30,30
1092,1072,30,30
1092,1103,34,34
1103,1092,34,34
1103,1104,39,39
1104,1103,39,39
1104,1105,11,11
1105,1104,11,11
717,1106,74,74
1106,717,74,74
1106,1107,58,58
1107,1106,58,58
1107,1108,87,87
1108,1107,87,87
1108,1109,15,15
1109,1108,15,15
1109,1110,30,30
1110,1109,30,30
1110,720,32,32
720,1110,32,32
1107,1111,51,51
1111,1107,51,51
1111,1112,14,14
1112,1111,14,14
1112,1113,126,126
1113,1112,126,126
1113,1114,47,47
1114,1113,47,47
1114,1115,29,29
1115,1114,29,29
1115,1116,29,29
1116,1115,29,29
1116,1117,31,31
1117,1116,31,31
1117,1118,23,23
1118,1117,23,23
1118,1119,21,21
1119,1118,21,21
1119,1120,22,22
1120,1119,22,22
1114,1121,72,72
1121,1114,72,72
1121,1122,125,125
1122,1121,125,125
1122,1111,20,20
1111,1122,20,20
1111,1123,39,39
1123,1111,39,39
1123,1124,28,28
1124,1123,28,28
1124,1125,26,26
1125,1124,26,26
1125,1126,10,10
1126,1125,10,10
1126,397,42,42
397,1126,42,42
31,1127,28,28
1127,31,28,28
1127,1128,21,21
1128,1127,21,21
1128,1114,36,36
1114,1128,36,36
28,1129,33,33
1129,28,33,33
1129,1130,42,42
1130,1129,42,42
1130,1127,54,54
1127,1130,54,54
30,1130,30,30
1130,30,30,30
1130,1131,19,19
1131,1130,19,19
1131,1128,55,55
1128,1131,55,55
1128,1132,96,96
1132,1128,96,96
1132,1125,49,49
1125,1132,49,49
1115,1133,26,26
1133,1115,26,26
1133,1134,4,4
1134,1133,4,4
1134,1120,47,47
1120,1134,47,47
1120,1135,37,37
1135,1120,37,37
1135,1136,22,22
1136,1135,22,22
1136,1119,37,37
1119,1136,37,37
1119,1137,35,35
1137,1119,35,35
1137,1138,14,14
1138,1137,14,14
1138,1133,17,17
1133,1138,17,17
60,1139,45,45
1139,60,45,45
1139,1140,25,25
1140,1139,25,25
1140,1141,27,27
1141,1140,27,27
1141,1142,24,24
1142,1141,24,24
1142,1143,28,28
1143,1142,28,28
1143,1144,30,30
1144,1143,30,30
1144,1145,25,25
1145,1144,25,25
1145,1146,28,28
1146,1145,28,28
1140,61,48,48
61,1140,48,48
1141,62,51,51
62,1141,51,51
1142,64,48,48
64,1142,48,48
1143,66,44,44
66,1143,44,44
1144,67,46,46
67,1144,46,46
1147,1148,27,27
1148,1147,27,27
1148,1145,44,44
1145,1148,44,44
1145,69,47,47
69,1145,47,47
1149,1147,26,26
1147,1149,26,26
1147,1146,44,44
1146,1147,44,44
1146,71,47,47
71,1146,47,47
543,1150,33,33
1150,543,33,33
1150,1151,32,32
1151,1150,32,32
1151,391,94,94
391,1151,94,94
1150,392,82,82
392,1150,82,82
392,549,92,92
549,392,92,92
538,1152,43,43
1152,538,43,43
1152,1153,33,33
1153,1152,33,33
1153,1154,41,41
1154,1153,41,41
1154,1155,35,35
1155,1154,35,35
1155,1156,5,5
1156,1155,5,5
1156,1157,21,21
1157,1156,21,21
1157,1158,64,64
1158,1157,64,64
1158,1159,29,29
1159,1158,29,29
389,1159,20,20
1159,389,20,20
1159,1160,43,43
1160,1159,43,43
1160,1161,42,42
1161,1160,42,42
1161,1162,37,37
1162,1161,37,37
1162,1163,34,34
1163,1162,34,34
1163,1164,20,20
1164,1163,20,20
1164,1165,25,25
1165,1164,25,25
940,1165,50,50
1165,940,50,50
1165,1155,50,50
1155,1165,50,50
1163,1166,6,6
1166,1163,6,6
1166,1167,13,13
1167,1166,13,13
1167,1156,38,38
1156,1167,38,38
938,1154,77,77
1154,938,77,77
937,1153,51,51
1153,937,51,51
1152,1168,45,45
1168,1152,45,45
1168,541,27,27
541,1168,27,27
74,1169,18,18
1169,74,18,18
1169,710,154,154
710,1169,154,154
710,189,83,83
189,710,83,83
1169,1170,26,26
1170,1169,26,26
1170,709,157,157
709,1170,157,157
708,192,92,92
192,708,92,92
707,387,67,67
387,707,67,67
516,1171,16,16
1171,516,16,16
1171,1172,18,18
1172,1171,18,18
1172,1173,20,20
1173,1172,20,20
1173,512,17,17
512,1173,17,17
512,1174,19,19
1174,512,19,19
1174,1175,13,13
1175,1174,13,13
1175,1176,3,3
1176,1175,3,3
1176,1177,12,12
1177,1176,12,12
1177,525,21,21
525,1177,21,21
88,1178,51,51
1178,88,51,51
1178,1179,14,14
1179,1178,14,14
1179,924,58,58
924,1179,58,58
1178,1180,52,52
1180,1178,52,52
1180,632,99,99
632,1180,99,99
921,1179,60,60
1179,921,60,60
925,1180,72,72
1180,925,72,72
1181,1182,34,34
1182,1181,34,34
1182,926,56,56
926,1182,56,56
1183,1182,59,59
1182,1183,59,59
685,1184,47,47
1184,685,47,47
1184,1185,33,33
1185,1184,33,33
1185,1186,54,54
1186,1185,54,54
1186,164,32,32
164,1186,32,32
683,1185,49,49
1185,683,49,49
682,1186,62,62
1186,682,62,62
165,1187,7,7
1187,165,7,7
1187,1188,60,60
1188,1187,60,60
1188,1189,58,58
1189,1188,58,58
1189,1190,18,18
1190,1189,18,18
1190,1191,7,7
1191,1190,7,7
1191,1192,27,27
1192,1191,27,27
1192,1193,31,31
1193,1192,31,31
1193,169,44,44
169,1193,44,44
1191,167,67,67
167,1191,67,67
167,1194,51,51
1194,167,51,51
1192,168,56,56
168,1192,56,56
170,1195,37,37
1195,170,37,37
1195,1196,152,152
1196,1195,152,152
1196,1197,97,97
1197,1196,97,97
1197,1198,48,48
1198,1197,48,48
1198,1199,68,68
1199,1198,68,68
1199,1200,24,24
1200,1199,24,24
1200,1201,80,80
1201,1200,80,80
1202,1203,64,2000000000
1203,1202,64,2000000000
1203,303,49,2000000000
303,1203,49,2000000000
1204,1205,19,2000000000
1205,1204,19,2000000000
1205,1206,5,2000000000
1206,1205,5,2000000000
1206,1207,6,2000000000
1207,1206,6,2000000000
1207,575,15,2000000000
575,1207,15,2000000000
1208,1209,8,2000000000
1209,1208,8,2000000000
1209,1210,4,2000000000
1210,1209,4,2000000000
1210,1202,7,2000000000
1202,1210,7,2000000000
346,1211,17,2000000000
1211,346,17,2000000000
1211,1212,30,2000000000
1212,1211,30,2000000000
1212,1213,36,2000000000
1213,1212,36,2000000000
1213,1214,23,2000000000
1214,1213,23,2000000000
1214,1215,13,2000000000
1215,1214,13,2000000000
336,1216,15,2000000000
1216,336,15,2000000000
1216,1217,19,2000000000
1217,1216,19,2000000000
1217,1218,17,2000000000
1218,1217,17,2000000000
1218,1219,20,2000000000
1219,1218,20,2000000000
1219,1220,22,2000000000
1220,1219,22,2000000000
1220,1221,19,2000000000
1221,1220,19,2000000000
1221,1222,16,2000000000
1222,1221,16,2000000000
705,1223,24,24
1223,705,24,24
1223,1224,59,59
1224,1223,59,59
1223,1225,34,34
1225,1223,34,34
1223,1226,37,37
1226,1223,37,37
1227,1228,12,2000000000
1228,1227,12,2000000000
1228,1229,4,2000000000
1229,1228,4,2000000000
1229,1230,16,2000000000
1230,1229,16,2000000000
1230,1231,20,2000000000
1231,1230,20,2000000000
1231,147,18,2000000000
147,1231,18,2000000000
141,1230,52,2000000000
1230,141,52,2000000000
140,1231,51,2000000000
1231,140,51,2000000000
589,1232,46,2000000000
1232,589,46,2000000000
1232,1233,25,2000000000
1233,1232,25,2000000000
144,1232,58,2000000000
1232,144,58,2000000000
142,899,152,152
899,142,152,152
144,897,146,2000000000
897,144,146,2000000000
847,675,3,2000000000
675,847,3,2000000000
573,302,47,2000000000
302,573,47,2000000000
1234,1235,2000000000,18
1235,1234,2000000000,2000000000
1235,1236,2000000000,59
1236,1235,2000000000,2000000000
1236,1237,2000000000,22
1237,1236,2000000000,2000000000
1237,182,2000000000,12
182,1237,2000000000,2000000000
93,91,5,5
91,93,5,5
187,92,12,12
92,187,12,12
565,1238,58,2000000000
1238,565,58,2000000000
1238,1202,4,2000000000
1202,1238,4,2000000000
553,1239,15,15
1239,553,15,15
1239,1240,72,72
1240,1239,72,72
1240,341,19,19
341,1240,19,19
802,1241,4,4
1241,802,4,2000000000
1241,1242,6,6
1242,1241,6,2000000000
1242,1243,2,2
1243,1242,2,2000000000
1243,1244,7,7
1244,1243,7,2000000000
1244,1245,5,5
1245,1244,5,2000000000
1245,815,5,5
815,1245,5,2000000000
802,1246,9,9
1246,802,9,2000000000
1246,1247,5,5
1247,1246,5,2000000000
1247,812,6,6
812,1247,6,2000000000
812,295,19,19
295,812,19,2000000000
571,1248,5,5
1248,571,5,5
1248,553,5,5
553,1248,5,5
559,1249,30,2000000000
1249,559,30,2000000000
1249,1250,34,2000000000
1250,1249,34,2000000000
1250,354,28,2000000000
354,1250,28,2000000000
551,1251,57,2000000000
1251,551,57,2000000000
190,1252,162,162
1252,190,162,162
1252,1253,51,51
1253,1252,51,51
1253,1254,50,50
1254,1253,50,50
368,1255,13,13
1255,368,13,13
1255,1256,3,3
1256,1255,3,3
1256,218,46,46
218,1256,46,46
372,1257,47,2000000000
1257,372,47,2000000000
1257,1258,18,2000000000
1258,1257,18,2000000000
1258,1255,19,2000000000
1255,1258,19,2000000000
439,1259,31,31
1259,439,31,31
1259,196,16,16
196,1259,16,16
426,439,23,2000000000
439,426,23,2000000000
377,891,34,2000000000
891,377,34,2000000000
1260,1261,16,16
1261,1260,16,16
1261,1262,15,15
1262,1261,15,15
1262,1263,26,26
1263,1262,26,26
1263,1264,36,36
1264,1263,36,36
1264,1265,5,5
1265,1264,5,5
1265,1266,8,8
1266,1265,8,8
1266,1267,84,84
1267,1266,84,84
1267,407,9,9
407,1267,9,9
211,289,53,2000000000
289,211,53,2000000000
208,293,49,2000000000
293,208,49,2000000000
1256,1268,15,2000000000
1268,1256,15,2000000000
1268,1269,16,2000000000
1269,1268,16,2000000000
1269,1270,14,2000000000
1270,1269,14,2000000000
1270,215,3,2000000000
215,1270,3,2000000000
205,1271,13,13
1271,205,13,13
1271,1272,17,17
1272,1271,17,17
1272,1273,15,15
1273,1272,15,15
1273,1274,12,12
1274,1273,12,12
1274,1275,18,18
1275,1274,18,18
1275,1276,17,17
1276,1275,17,17
1276,1277,2,2
1277,1276,2,2
1277,1278,19,19
1278,1277,19,19
1278,1279,23,23
1279,1278,23,23
1279,1280,18,18
1280,1279,18,18
1280,1281,17,17
1281,1280,17,17
1281,1282,1,1
1282,1281,1,1
1282,1283,16,16
1283,1282,16,16
1283,1284,57,57
1284,1283,57,57
1284,1285,18,18
1285,1284,18,18
1285,1281,57,57
1281,1285,57,57
1273,1286,15,15
1286,1273,15,15
1286,1287,13,13
1287,1286,13,13
1287,1288,3,3
1288,1287,3,3
1288,1289,19,19
1289,1288,19,19
1289,1290,10,10
1290,1289,10,10
1290,1291,6,6
1291,1290,6,6
1291,1292,8,8
1292,1291,8,8
1292,1293,5,5
1293,1292,5,5
1293,1280,5,5
1280,1293,5,5
1274,1287,25,25
1287,1274,25,25
1275,1290,49,49
1290,1275,49,49
206,1260,31,31
1260,206,31,31
1260,1294,15,15
1294,1260,15,15
1294,887,30,30
887,1294,30,30
887,206,24,24
206,887,24,24
220,1295,21,21
1295,220,21,21
1295,1296,54,54
1296,1295,54,54
1296,882,28,28
882,1296,28,28
882,1297,21,21
1297,882,21,21
1297,1298,4,4
1298,1297,4,4
1298,1299,12,12
1299,1298,12,12
1299,1300,44,44
1300,1299,44,44
1300,1301,21,21
1301,1300,21,21
1302,1303,24,24
1303,1302,24,24
1303,1304,41,41
1304,1303,41,41
1304,138,18,18
138,1304,18,18
187,1305,35,35
1305,187,35,35
1305,1306,71,71
1306,1305,71,71
1306,1307,32,32
1307,1306,32,32
1307,664,32,32
664,1307,32,32
664,1308,4,4
1308,664,4,4
1308,1309,66,66
1309,1308,66,66
1309,1254,15,15
1254,1309,15,15
1254,1310,16,16
1310,1254,16,16
1310,665,8,8
665,1310,8,8
665,1302,8,8
1302,665,8,8
1302,33,71,71
33,1302,71,71
305,1311,7,7
1311,305,7,7
1311,1312,6,6
1312,1311,6,6
1312,324,3,3
324,1312,3,3
324,1313,9,9
1313,324,9,9
1313,713,5,5
713,1313,5,5
798,1314,12,12
1314,798,12,2000000000
1314,1315,6,6
1315,1314,6,2000000000
1315,815,11,11
815,1315,11,2000000000
798,1316,11,11
1316,798,11,2000000000
1316,1317,11,11
1317,1316,11,2000000000
1317,1318,11,11
1318,1317,11,2000000000
1318,1319,11,11
1319,1318,11,2000000000
1319,295,11,11
295,1319,11,2000000000
600,1320,43,2000000000
1320,600,43,2000000000
1320,1321,17,2000000000
1321,1320,17,2000000000
1321,1322,9,2000000000
1322,1321,9,2000000000
1322,1323,6,2000000000
1323,1322,6,2000000000
1323,1324,12,2000000000
1324,1323,12,2000000000
1324,1325,10,2000000000
1325,1324,10,2000000000
1325,1326,11,2000000000
1326,1325,11,2000000000
53,1327,9,9
1327,53,9,9
1327,1328,9,9
1328,1327,9,9
1328,1329,7,7
1329,1328,7,7
1329,1330,10,10
1330,1329,10,10
1330,1331,10,10
1331,1330,10,10
1331,1332,6,6
1332,1331,6,6
1332,1333,4,4
1333,1332,4,4
1333,595,5,5
595,1333,5,5
594,1334,14,14
1334,594,14,14
1334,1335,24,24
1335,1334,24,24
1335,1336,5,5
1336,1335,5,5
1336,1337,10,10
1337,1336,10,10
1337,1338,8,8
1338,1337,8,8
1338,1339,9,9
1339,1338,9,9
1339,1340,25,25
1340,1339,25,25
1340,1341,18,18
1341,1340,18,18
1341,1342,16,16
1342,1341,16,16
1342,1343,8,8
1343,1342,8,8
1343,1344,6,6
1344,1343,6,6
1344,1345,24,24
1345,1344,24,24
1345,1346,22,22
1346,1345,22,22
1336,1347,21,2000000000
1347,1336,21,2000000000
1347,1323,16,2000000000
1323,1347,16,2000000000
1346,1348,7,2000000000
1348,1346,7,2000000000
1348,1349,5,2000000000
1349,1348,5,2000000000
1349,386,5,2000000000
386,1349,5,2000000000
669,1350,11,2000000000
1350,669,11,2000000000
1350,1351,16,2000000000
1351,1350,16,2000000000
1351,1352,5,2000000000
1352,1351,5,2000000000
1352,1353,24,2000000000
1353,1352,24,2000000000
1353,1354,47,2000000000
1354,1353,47,2000000000
1354,1355,35,2000000000
1355,1354,35,2000000000
1355,1356,8,2000000000
1356,1355,8,2000000000
1356,1357,6,2000000000
1357,1356,6,2000000000
1357,35,5,2000000000
35,1357,5,2000000000
539,1358,140,140
1358,539,140,140
1358,1359,54,54
1359,1358,54,54
1359,1360,44,44
1360,1359,44,44
1360,398,21,2000000000
398,1360,21,2000000000
1361,188,18,2000000000
188,1361,18,2000000000
1362,1361,48,2000000000
1361,1362,48,2000000000
1326,1363,11,2000000000
1363,1326,11,2000000000
1363,1364,4,2000000000
1364,1363,4,2000000000
1364,1365,6,2000000000
1365,1364,6,2000000000
1365,1366,19,2000000000
1366,1365,19,2000000000
1366,1367,24,2000000000
1367,1366,24,2000000000
1367,630,17,2000000000
630,1367,17,2000000000
1337,1368,32,2000000000
1368,1337,32,2000000000
1368,1369,37,2000000000
1369,1368,37,2000000000
1369,1370,49,2000000000
1370,1369,49,2000000000
1370,1366,3,2000000000
1366,1370,3,2000000000
204,434,48,48
434,204,48,48
434,1371,35,35
1371,434,35,35
1371,1372,10,10
1372,1371,10,10
1372,1373,16,16
1373,1372,16,16
1373,1374,50,50
1374,1373,50,50
423,1375,25,25
1375,423,25,25
1375,427,16,16
427,1375,16,16
428,1371,63,63
1371,428,63,63
1373,1375,63,63
1375,1373,63,63
1376,618,12,12
618,1376,12,12
1377,616,24,24
616,1377,24,24
